Date,ID,Gender,Age,Product Category,Quantity,Price per Unit,Total Amount,Month,Customer Location,Payment Method
2023-11-24,CUST001,Male,34.0,Beauty,3,50,150,November,,
2023-02-27,CUST002,Female,26.0,Clothing,2,500,1000,February,,
2023-01-13,CUST003,Male,50.0,Electronics,1,30,30,January,,
2023-05-21,CUST004,Male,37.0,Clothing,1,500,500,May,,
2023-05-06,CUST005,Male,30.0,Beauty,2,50,100,May,,
2023-04-25,CUST006,Female,45.0,Beauty,1,30,30,April,,
2023-03-13,CUST007,Male,46.0,Clothing,2,25,50,March,,
2023-02-22,CUST008,Male,30.0,Electronics,4,25,100,February,,
2023-12-13,CUST009,Male,63.0,Electronics,2,300,600,December,,
2023-10-07,CUST010,Female,52.0,Clothing,4,50,200,October,,
2023-02-14,CUST011,Male,23.0,Clothing,2,50,100,February,,
2023-10-30,CUST012,Male,35.0,Beauty,3,25,75,October,,
2023-08-05,CUST013,Male,22.0,Electronics,3,500,1500,August,,
2023-01-17,CUST014,Male,64.0,Clothing,4,30,120,January,,
2023-01-16,CUST015,Female,42.0,Electronics,4,500,2000,January,,
2023-02-17,CUST016,Male,19.0,Clothing,3,500,1500,February,,
2023-04-22,CUST017,Female,27.0,Clothing,4,25,100,April,,
2023-04-30,CUST018,Female,47.0,Electronics,2,25,50,April,,
2023-09-16,CUST019,Female,62.0,Clothing,2,25,50,September,,
2023-11-05,CUST020,Male,22.0,Clothing,3,300,900,November,,
2023-01-14,CUST021,Female,50.0,Beauty,1,500,500,January,,
2023-10-15,CUST022,Male,18.0,Clothing,2,50,100,October,,
2023-04-12,CUST023,Female,35.0,Clothing,4,30,120,April,,
2023-11-29,CUST024,Female,49.0,Clothing,1,300,300,November,,
2023-12-26,CUST025,Female,64.0,Beauty,1,50,50,December,,
2023-10-07,CUST026,Female,28.0,Electronics,2,500,1000,October,,
2023-08-03,CUST027,Female,38.0,Beauty,2,25,50,August,,
2023-04-23,CUST028,Female,43.0,Beauty,1,500,500,April,,
2023-08-18,CUST029,Female,42.0,Electronics,1,30,30,August,,
2023-10-29,CUST030,Female,39.0,Beauty,3,300,900,October,,
2023-05-23,CUST031,Male,44.0,Electronics,4,300,1200,May,,
2023-01-04,CUST032,Male,30.0,Beauty,3,30,90,January,,
2023-03-23,CUST033,Female,50.0,Electronics,2,50,100,March,,
2023-12-24,CUST034,Female,51.0,Clothing,3,50,150,December,,
2023-08-05,CUST035,Female,58.0,Beauty,3,300,900,August,,
2023-06-24,CUST036,Male,52.0,Beauty,3,300,900,June,,
2023-05-23,CUST037,Female,18.0,Beauty,3,25,75,May,,
2023-03-21,CUST038,Male,38.0,Beauty,4,50,200,March,,
2023-04-21,CUST039,Male,23.0,Clothing,4,30,120,April,,
2023-06-22,CUST040,Male,45.0,Beauty,1,50,50,June,,
2023-02-22,CUST041,Male,34.0,Clothing,2,25,50,February,,
2023-02-17,CUST042,Male,22.0,Clothing,3,300,900,February,,
2023-07-14,CUST043,Female,48.0,Clothing,1,300,300,July,,
2023-02-19,CUST044,Female,22.0,Clothing,1,25,25,February,,
2023-07-03,CUST045,Female,55.0,Electronics,1,30,30,July,,
2023-06-26,CUST046,Female,20.0,Electronics,4,300,1200,June,,
2023-11-06,CUST047,Female,40.0,Beauty,3,500,1500,November,,
2023-05-16,CUST048,Male,54.0,Electronics,3,300,900,May,,
2023-01-23,CUST049,Female,54.0,Electronics,2,500,1000,January,,
2023-08-24,CUST050,Female,27.0,Beauty,3,25,75,August,,
2023-10-02,CUST051,Male,27.0,Beauty,3,25,75,October,,
2023-03-05,CUST052,Female,36.0,Beauty,1,300,300,March,,
2023-07-13,CUST053,Male,34.0,Electronics,2,50,100,July,,
2023-02-10,CUST054,Female,38.0,Electronics,3,500,1500,February,,
2023-10-10,CUST055,Male,31.0,Beauty,4,30,120,October,,
2023-05-31,CUST056,Female,26.0,Clothing,3,300,900,May,,
2023-11-18,CUST057,Female,63.0,Beauty,1,30,30,November,,
2023-11-13,CUST058,Male,18.0,Clothing,4,300,1200,November,,
2023-07-05,CUST059,Male,62.0,Clothing,1,50,50,July,,
2023-10-23,CUST060,Male,30.0,Beauty,3,50,150,October,,
2023-04-09,CUST061,Male,21.0,Beauty,4,50,200,April,,
2023-12-27,CUST062,Male,18.0,Beauty,2,50,100,December,,
2023-02-05,CUST063,Male,57.0,Electronics,2,25,50,February,,
2023-01-24,CUST064,Male,49.0,Clothing,4,25,100,January,,
2023-12-05,CUST065,Male,51.0,Electronics,4,500,2000,December,,
2023-04-27,CUST066,Female,45.0,Electronics,1,30,30,April,,
2023-05-29,CUST067,Female,48.0,Beauty,4,300,1200,May,,
2023-02-10,CUST068,Male,25.0,Electronics,1,300,300,February,,
2023-04-30,CUST069,Female,56.0,Beauty,3,25,75,April,,
2023-02-21,CUST070,Female,43.0,Clothing,1,300,300,February,,
2023-07-14,CUST071,Female,51.0,Beauty,4,25,100,July,,
2023-05-23,CUST072,Female,20.0,Electronics,4,500,2000,May,,
2023-08-21,CUST073,Male,29.0,Electronics,3,30,90,August,,
2023-11-22,CUST074,Female,18.0,Beauty,4,500,2000,November,,
2023-07-06,CUST075,Male,61.0,Beauty,4,50,200,July,,
2023-03-25,CUST076,Female,22.0,Electronics,2,50,100,March,,
2023-07-09,CUST077,Female,47.0,Clothing,2,50,100,July,,
2023-07-01,CUST078,Female,47.0,Clothing,3,500,1500,July,,
2023-04-18,CUST079,Male,34.0,Beauty,1,300,300,April,,
2023-12-10,CUST080,Female,64.0,Clothing,2,30,60,December,,
2023-05-17,CUST081,Male,40.0,Electronics,1,50,50,May,,
2023-12-26,CUST082,Female,32.0,Beauty,4,50,200,December,,
2023-12-16,CUST083,Male,54.0,Electronics,2,50,100,December,,
2023-11-28,CUST084,Female,38.0,Electronics,3,30,90,November,,
2023-02-06,CUST085,Male,31.0,Clothing,3,50,150,February,,
2023-11-08,CUST086,Male,19.0,Beauty,3,30,90,November,,
2023-11-22,CUST087,Female,28.0,Beauty,2,50,100,November,,
2023-03-29,CUST088,Male,56.0,Clothing,1,500,500,March,,
2023-10-01,CUST089,Female,55.0,Electronics,4,500,2000,October,,
2023-05-06,CUST090,Female,51.0,Electronics,1,30,30,May,,
2023-03-25,CUST091,Female,55.0,Electronics,1,500,500,March,,
2023-08-25,CUST092,Female,51.0,Electronics,4,30,120,August,,
2023-07-14,CUST093,Female,35.0,Beauty,4,500,2000,July,,
2023-05-19,CUST094,Female,47.0,Beauty,2,500,1000,May,,
2023-11-24,CUST095,Female,32.0,Clothing,2,30,60,November,,
2023-12-19,CUST096,Female,44.0,Clothing,2,300,600,December,,
2023-10-13,CUST097,Female,51.0,Beauty,2,500,1000,October,,
2023-04-23,CUST098,Female,55.0,Beauty,2,50,100,April,,
2023-12-17,CUST099,Female,50.0,Electronics,4,300,1200,December,,
2023-06-16,CUST100,Male,41.0,Electronics,1,30,30,June,,
2023-01-29,CUST101,Male,32.0,Clothing,2,300,600,January,,
2023-04-28,CUST102,Female,47.0,Beauty,2,25,50,April,,
2023-01-17,CUST103,Female,59.0,Clothing,1,25,25,January,,
2023-06-11,CUST104,Female,34.0,Beauty,2,500,1000,June,,
2023-07-25,CUST105,Female,22.0,Electronics,1,500,500,July,,
2023-05-18,CUST106,Female,46.0,Clothing,1,50,50,May,,
2023-02-03,CUST107,Female,21.0,Clothing,4,300,1200,February,,
2023-04-19,CUST108,Female,27.0,Beauty,3,25,75,April,,
2023-10-18,CUST109,Female,34.0,Electronics,4,500,2000,October,,
2023-06-11,CUST110,Male,27.0,Clothing,3,300,900,June,,
2023-04-19,CUST111,Female,34.0,Electronics,3,500,1500,April,,
2023-12-02,CUST112,Male,37.0,Clothing,3,500,1500,December,,
2023-09-13,CUST113,Female,41.0,Electronics,2,25,50,September,,
2023-07-22,CUST114,Female,22.0,Beauty,4,25,100,July,,
2023-11-26,CUST115,Male,51.0,Clothing,3,500,1500,November,,
2023-08-23,CUST116,Female,23.0,Clothing,1,30,30,August,,
2023-03-15,CUST117,Male,19.0,Electronics,2,500,1000,March,,
2023-05-16,CUST118,Female,30.0,Electronics,4,500,2000,May,,
2023-03-13,CUST119,Female,60.0,Clothing,3,50,150,March,,
2023-05-07,CUST120,Male,60.0,Beauty,1,50,50,May,,
2023-10-15,CUST121,Female,28.0,Electronics,4,50,200,October,,
2023-10-03,CUST122,Male,64.0,Electronics,4,30,120,October,,
2023-05-15,CUST123,Female,40.0,Electronics,2,30,60,May,,
2023-10-27,CUST124,Male,33.0,Clothing,4,500,2000,October,,
2023-08-08,CUST125,Male,48.0,Clothing,2,50,100,August,,
2023-10-26,CUST126,Female,28.0,Clothing,3,30,90,October,,
2023-07-24,CUST127,Female,33.0,Clothing,2,25,50,July,,
2023-07-05,CUST128,Male,25.0,Beauty,1,500,500,July,,
2023-04-23,CUST129,Female,21.0,Beauty,2,300,600,April,,
2023-03-12,CUST130,Female,57.0,Clothing,1,500,500,March,,
2023-09-18,CUST131,Female,21.0,Beauty,2,300,600,September,,
2023-09-10,CUST132,Male,42.0,Electronics,4,50,200,September,,
2023-02-16,CUST133,Male,20.0,Electronics,3,300,900,February,,
2023-01-25,CUST134,Male,49.0,Electronics,1,50,50,January,,
2023-02-26,CUST135,Male,20.0,Clothing,2,25,50,February,,
2023-03-20,CUST136,Male,44.0,Electronics,2,300,600,March,,
2023-11-18,CUST137,Male,46.0,Beauty,2,500,1000,November,,
2023-03-23,CUST138,Male,49.0,Clothing,4,50,200,March,,
2023-12-15,CUST139,Male,36.0,Beauty,4,500,2000,December,,
2023-08-05,CUST140,Male,38.0,Electronics,1,30,30,August,,
2023-11-02,CUST141,Female,22.0,Electronics,1,50,50,November,,
2023-02-02,CUST142,Male,35.0,Electronics,4,300,1200,February,,
2023-07-17,CUST143,Female,45.0,Clothing,1,50,50,July,,
2023-07-15,CUST144,Female,59.0,Beauty,3,500,1500,July,,
2023-11-02,CUST145,Female,39.0,Clothing,3,25,75,November,,
2023-08-28,CUST146,Male,38.0,Clothing,4,50,200,August,,
2023-09-28,CUST147,Male,23.0,Electronics,1,300,300,September,,
2023-05-09,CUST148,Male,18.0,Clothing,2,30,60,May,,
2023-10-11,CUST149,Male,22.0,Clothing,3,25,75,October,,
2023-01-06,CUST150,Female,58.0,Electronics,4,30,120,January,,
2023-12-15,CUST151,Male,29.0,Clothing,1,50,50,December,,
2023-02-28,CUST152,Male,43.0,Electronics,4,500,2000,February,,
2023-12-16,CUST153,Male,63.0,Electronics,2,500,1000,December,,
2023-10-02,CUST154,Male,51.0,Electronics,3,300,900,October,,
2023-05-17,CUST155,Male,31.0,Electronics,4,500,2000,May,,
2023-11-25,CUST156,Female,43.0,Clothing,4,25,100,November,,
2023-06-24,CUST157,Male,62.0,Electronics,4,500,2000,June,,
2023-02-27,CUST158,Female,44.0,Electronics,2,300,600,February,,
2023-05-31,CUST159,Male,26.0,Clothing,4,50,200,May,,
2023-08-11,CUST160,Female,43.0,Clothing,2,50,100,August,,
2023-03-22,CUST161,Male,64.0,Beauty,2,500,1000,March,,
2023-08-21,CUST162,Male,39.0,Clothing,2,30,60,August,,
2023-01-02,CUST163,Female,64.0,Clothing,3,50,150,January,,
2023-05-15,CUST164,Female,47.0,Beauty,3,500,1500,May,,
2023-09-14,CUST165,Female,60.0,Clothing,4,300,1200,September,,
2023-04-02,CUST166,Male,34.0,Clothing,4,500,2000,April,,
2023-09-17,CUST167,Female,43.0,Clothing,3,50,150,September,,
2023-02-24,CUST168,Male,53.0,Clothing,1,300,300,February,,
2023-11-17,CUST169,Male,18.0,Beauty,3,500,1500,November,,
2023-06-02,CUST170,Female,25.0,Clothing,2,25,50,June,,
2023-11-24,CUST171,Female,52.0,Clothing,3,300,900,November,,
2023-09-17,CUST172,Male,32.0,Beauty,2,25,50,September,,
2023-11-08,CUST173,Male,64.0,Electronics,4,30,120,November,,
2023-04-12,CUST174,Female,39.0,Beauty,1,300,300,April,,
2023-03-20,CUST175,Female,31.0,Electronics,4,25,100,March,,
2023-07-11,CUST176,Female,43.0,Beauty,2,50,100,July,,
2023-03-24,CUST177,Male,45.0,Beauty,2,50,100,March,,
2023-10-04,CUST178,Male,40.0,Clothing,2,30,60,October,,
2023-09-29,CUST179,Male,31.0,Electronics,1,300,300,September,,
2023-01-01,CUST180,Male,41.0,Clothing,3,300,900,January,,
2023-11-03,CUST181,Male,19.0,Electronics,4,300,1200,November,,
2023-06-15,CUST182,Male,62.0,Beauty,4,30,120,June,,
2023-09-08,CUST183,Female,43.0,Beauty,3,300,900,September,,
2023-01-10,CUST184,Male,31.0,Electronics,4,50,200,January,,
2023-02-27,CUST185,Male,24.0,Clothing,1,25,25,February,,
2023-07-05,CUST186,Male,20.0,Clothing,4,50,200,July,,
2023-06-07,CUST187,Female,64.0,Clothing,2,50,100,June,,
2023-05-03,CUST188,Male,40.0,Clothing,3,25,75,May,,
2023-01-30,CUST189,Male,63.0,Beauty,1,50,50,January,,
2023-05-04,CUST190,Female,60.0,Beauty,3,30,90,May,,
2023-10-18,CUST191,Male,64.0,Beauty,1,25,25,October,,
2023-02-10,CUST192,Male,62.0,Beauty,2,50,100,February,,
2023-02-13,CUST193,Male,35.0,Beauty,3,500,1500,February,,
2023-09-06,CUST194,Male,55.0,Clothing,4,50,200,September,,
2023-02-05,CUST195,Male,52.0,Clothing,1,30,30,February,,
2023-09-30,CUST196,Female,32.0,Clothing,3,300,900,September,,
2023-03-06,CUST197,Female,42.0,Clothing,4,50,200,March,,
2023-03-07,CUST198,Female,54.0,Beauty,3,300,900,March,,
2023-12-04,CUST199,Male,45.0,Beauty,3,500,1500,December,,
2023-09-01,CUST200,Male,27.0,Beauty,3,50,150,September,,
2023-10-09,CUST201,Male,56.0,Electronics,1,25,25,October,,
2023-03-26,CUST202,Female,34.0,Clothing,4,300,1200,March,,
2023-05-16,CUST203,Male,56.0,Clothing,2,500,1000,May,,
2023-09-28,CUST204,Male,39.0,Beauty,1,25,25,September,,
2023-11-07,CUST205,Female,43.0,Clothing,1,25,25,November,,
2023-08-05,CUST206,Male,61.0,Clothing,1,25,25,August,,
2023-04-19,CUST207,Female,42.0,Beauty,2,25,50,April,,
2023-10-04,CUST208,Female,34.0,Electronics,4,50,200,October,,
2023-12-20,CUST209,Female,30.0,Electronics,4,50,200,December,,
2023-04-13,CUST210,Male,37.0,Electronics,4,50,200,April,,
2024-01-01,CUST211,Male,42.0,Beauty,3,500,1500,January,,
2023-06-09,CUST212,Male,21.0,Clothing,3,500,1500,June,,
2023-07-24,CUST213,Male,27.0,Beauty,3,500,1500,July,,
2023-12-10,CUST214,Male,20.0,Beauty,2,30,60,December,,
2023-11-29,CUST215,Male,58.0,Clothing,3,500,1500,November,,
2023-07-11,CUST216,Male,62.0,Electronics,2,50,100,July,,
2023-08-13,CUST217,Female,35.0,Electronics,4,50,200,August,,
2023-09-22,CUST218,Male,64.0,Beauty,3,30,90,September,,
2023-08-20,CUST219,Female,53.0,Electronics,3,30,90,August,,
2023-03-03,CUST220,Male,64.0,Beauty,1,500,500,March,,
2023-05-07,CUST221,Male,39.0,Beauty,2,300,600,May,,
2023-04-26,CUST222,Male,51.0,Clothing,4,30,120,April,,
2023-02-02,CUST223,Female,64.0,Clothing,1,25,25,February,,
2023-06-23,CUST224,Female,25.0,Clothing,1,50,50,June,,
2023-01-11,CUST225,Female,57.0,Beauty,4,25,100,January,,
2023-10-29,CUST226,Female,61.0,Clothing,1,50,50,October,,
2023-10-11,CUST227,Male,36.0,Electronics,2,50,100,October,,
2023-04-28,CUST228,Female,59.0,Electronics,2,30,60,April,,
2023-10-29,CUST229,Male,58.0,Beauty,3,30,90,October,,
2023-04-23,CUST230,Male,54.0,Beauty,1,25,25,April,,
2023-01-04,CUST231,Female,23.0,Clothing,3,50,150,January,,
2023-02-06,CUST232,Female,43.0,Beauty,1,25,25,February,,
2023-12-29,CUST233,Female,51.0,Beauty,2,300,600,December,,
2023-11-20,CUST234,Female,62.0,Electronics,2,25,50,November,,
2023-01-31,CUST235,Female,23.0,Electronics,2,500,1000,January,,
2023-04-28,CUST236,Female,54.0,Clothing,1,25,25,April,,
2023-02-04,CUST237,Female,50.0,Beauty,2,500,1000,February,,
2023-01-17,CUST238,Female,39.0,Beauty,1,500,500,January,,
2023-06-19,CUST239,Male,38.0,Electronics,3,500,1500,June,,
2023-02-06,CUST240,Female,23.0,Beauty,1,300,300,February,,
2023-09-21,CUST241,Female,23.0,Electronics,3,25,75,September,,
2023-05-02,CUST242,Male,21.0,Clothing,1,25,25,May,,
2023-05-23,CUST243,Female,47.0,Electronics,3,300,900,May,,
2023-12-09,CUST244,Male,28.0,Beauty,2,50,100,December,,
2023-09-06,CUST245,Male,47.0,Clothing,3,30,90,September,,
2023-04-20,CUST246,Female,48.0,Electronics,2,25,50,April,,
2023-10-04,CUST247,Male,41.0,Electronics,2,30,60,October,,
2023-03-09,CUST248,Male,26.0,Clothing,3,300,900,March,,
2023-10-20,CUST249,Male,20.0,Clothing,1,50,50,October,,
2023-10-23,CUST250,Male,48.0,Electronics,1,50,50,October,,
2023-08-31,CUST251,Female,57.0,Beauty,4,50,200,August,,
2023-05-05,CUST252,Male,54.0,Electronics,1,300,300,May,,
2023-08-31,CUST253,Female,53.0,Clothing,4,500,2000,August,,
2023-07-28,CUST254,Male,41.0,Electronics,1,500,500,July,,
2023-04-08,CUST255,Male,48.0,Clothing,1,30,30,April,,
2023-02-18,CUST256,Male,23.0,Clothing,2,500,1000,February,,
2023-02-19,CUST257,Male,19.0,Beauty,4,500,2000,February,,
2023-12-04,CUST258,Female,37.0,Clothing,1,50,50,December,,
2023-08-09,CUST259,Female,45.0,Clothing,4,50,200,August,,
2023-07-01,CUST260,Male,28.0,Beauty,2,30,60,July,,
2023-08-05,CUST261,Male,21.0,Clothing,2,25,50,August,,
2023-07-30,CUST262,Female,32.0,Beauty,4,30,120,July,,
2023-08-28,CUST263,Male,23.0,Beauty,2,30,60,August,,
2023-01-28,CUST264,Male,47.0,Clothing,3,300,900,January,,
2023-12-11,CUST265,Male,55.0,Clothing,3,300,900,December,,
2023-12-01,CUST266,Female,19.0,Electronics,2,30,60,December,,
2023-11-27,CUST267,Female,32.0,Beauty,3,30,90,November,,
2023-02-20,CUST268,Female,28.0,Electronics,1,30,30,February,,
2023-02-01,CUST269,Male,25.0,Clothing,4,500,2000,February,,
2023-07-26,CUST270,Male,43.0,Electronics,1,300,300,July,,
2023-06-23,CUST271,Female,62.0,Beauty,4,30,120,June,,
2023-02-25,CUST272,Female,61.0,Electronics,2,50,100,February,,
2023-05-08,CUST273,Female,22.0,Beauty,1,50,50,May,,
2023-04-09,CUST274,Female,23.0,Clothing,2,500,1000,April,,
2023-04-08,CUST275,Male,43.0,Clothing,2,500,1000,April,,
2023-10-02,CUST276,Female,21.0,Beauty,4,25,100,October,,
2023-08-18,CUST277,Male,36.0,Clothing,4,25,100,August,,
2023-03-13,CUST278,Female,37.0,Clothing,4,25,100,March,,
2023-08-05,CUST279,Male,50.0,Clothing,1,500,500,August,,
2023-04-04,CUST280,Female,37.0,Clothing,3,500,1500,April,,
2023-05-23,CUST281,Female,29.0,Beauty,4,500,2000,May,,
2023-08-25,CUST282,Female,64.0,Electronics,4,50,200,August,,
2023-05-08,CUST283,Female,18.0,Electronics,1,500,500,May,,
2023-02-08,CUST284,Male,43.0,Clothing,4,50,200,February,,
2023-08-15,CUST285,Female,31.0,Electronics,1,25,25,August,,
2023-10-09,CUST286,Male,55.0,Electronics,2,25,50,October,,
2023-02-20,CUST287,Male,54.0,Clothing,4,25,100,February,,
2023-01-26,CUST288,Male,28.0,Clothing,4,30,120,January,,
2023-11-30,CUST289,Male,53.0,Electronics,2,30,60,November,,
2023-10-04,CUST290,Female,30.0,Beauty,2,300,600,October,,
2023-01-08,CUST291,Male,60.0,Clothing,2,300,600,January,,
2023-02-17,CUST292,Male,20.0,Beauty,4,300,1200,February,,
2023-05-02,CUST293,Male,50.0,Electronics,3,30,90,May,,
2023-03-27,CUST294,Female,23.0,Clothing,3,30,90,March,,
2023-07-28,CUST295,Female,27.0,Beauty,3,300,900,July,,
2023-09-06,CUST296,Female,22.0,Clothing,4,300,1200,September,,
2023-09-04,CUST297,Female,40.0,Electronics,2,500,1000,September,,
2023-04-20,CUST298,Male,27.0,Beauty,4,300,1200,April,,
2023-07-25,CUST299,Male,61.0,Electronics,2,500,1000,July,,
2023-01-31,CUST300,Female,19.0,Electronics,4,50,200,January,,
2023-03-26,CUST301,Male,30.0,Clothing,4,30,120,March,,
2023-07-14,CUST302,Male,57.0,Beauty,2,300,600,July,,
2023-01-02,CUST303,Male,19.0,Electronics,3,30,90,January,,
2023-07-19,CUST304,Female,37.0,Electronics,2,30,60,July,,
2023-05-16,CUST305,Female,18.0,Beauty,1,30,30,May,,
2023-08-21,CUST306,Male,54.0,Electronics,1,50,50,August,,
2023-05-27,CUST307,Female,26.0,Electronics,2,25,50,May,,
2023-08-05,CUST308,Female,34.0,Beauty,4,300,1200,August,,
2023-12-23,CUST309,Female,26.0,Beauty,1,25,25,December,,
2023-10-12,CUST310,Female,28.0,Beauty,1,25,25,October,,
2023-12-05,CUST311,Female,32.0,Beauty,4,25,100,December,,
2023-09-07,CUST312,Male,41.0,Clothing,4,30,120,September,,
2023-03-21,CUST313,Female,55.0,Beauty,3,500,1500,March,,
2023-04-08,CUST314,Male,52.0,Clothing,4,30,120,April,,
2023-06-01,CUST315,Male,47.0,Clothing,2,30,60,June,,
2023-04-22,CUST316,Female,48.0,Clothing,2,25,50,April,,
2023-01-30,CUST317,Male,22.0,Electronics,3,30,90,January,,
2023-10-24,CUST318,Male,61.0,Clothing,1,25,25,October,,
2023-10-05,CUST319,Male,31.0,Clothing,1,500,500,October,,
2023-02-01,CUST320,Female,28.0,Electronics,4,300,1200,February,,
2023-06-10,CUST321,Female,26.0,Electronics,2,25,50,June,,
2023-01-30,CUST322,Male,51.0,Electronics,1,500,500,January,,
2023-01-26,CUST323,Female,29.0,Beauty,3,300,900,January,,
2023-10-27,CUST324,Female,52.0,Electronics,3,50,150,October,,
2023-09-02,CUST325,Female,52.0,Electronics,2,25,50,September,,
2023-09-15,CUST326,Female,18.0,Clothing,3,25,75,September,,
2023-09-29,CUST327,Male,57.0,Electronics,3,50,150,September,,
2023-03-22,CUST328,Male,39.0,Beauty,2,50,100,March,,
2023-01-30,CUST329,Female,46.0,Electronics,4,25,100,January,,
2023-09-18,CUST330,Female,25.0,Beauty,4,50,200,September,,
2023-02-11,CUST331,Male,28.0,Electronics,3,30,90,February,,
2023-04-06,CUST332,Male,58.0,Electronics,4,300,1200,April,,
2023-02-05,CUST333,Female,54.0,Electronics,4,300,1200,February,,
2023-11-01,CUST334,Male,31.0,Electronics,3,300,900,November,,
2023-02-04,CUST335,Female,47.0,Beauty,4,30,120,February,,
2023-12-12,CUST336,Female,52.0,Beauty,3,50,150,December,,
2023-05-01,CUST337,Male,38.0,Clothing,1,500,500,May,,
2023-07-26,CUST338,Male,54.0,Beauty,2,50,100,July,,
2023-03-03,CUST339,Female,22.0,Electronics,2,25,50,March,,
2023-10-19,CUST340,Female,36.0,Clothing,4,300,1200,October,,
2023-05-07,CUST341,Male,31.0,Clothing,4,50,200,May,,
2023-10-24,CUST342,Female,43.0,Clothing,4,500,2000,October,,
2023-11-01,CUST343,Male,21.0,Electronics,2,25,50,November,,
2023-01-21,CUST344,Female,42.0,Beauty,1,30,30,January,,
2023-11-14,CUST345,Male,62.0,Electronics,1,30,30,November,,
2023-02-11,CUST346,Male,59.0,Clothing,2,500,1000,February,,
2023-08-03,CUST347,Male,42.0,Electronics,1,25,25,August,,
2023-12-03,CUST348,Female,35.0,Electronics,2,300,600,December,,
2023-10-26,CUST349,Female,57.0,Beauty,1,50,50,October,,
2023-10-17,CUST350,Male,25.0,Beauty,3,25,75,October,,
2023-09-25,CUST351,Female,56.0,Clothing,3,30,90,September,,
2023-06-11,CUST352,Male,57.0,Electronics,2,500,1000,June,,
2023-05-14,CUST353,Male,31.0,Electronics,1,500,500,May,,
2023-04-15,CUST354,Female,49.0,Beauty,4,50,200,April,,
2023-12-09,CUST355,Female,55.0,Electronics,1,500,500,December,,
2023-06-10,CUST356,Male,50.0,Electronics,3,500,1500,June,,
2023-05-03,CUST357,Female,40.0,Electronics,3,25,75,May,,
2023-05-16,CUST358,Female,32.0,Beauty,1,300,300,May,,
2023-07-22,CUST359,Male,50.0,Clothing,1,50,50,July,,
2023-03-09,CUST360,Male,42.0,Clothing,4,25,100,March,,
2023-12-10,CUST361,Female,34.0,Electronics,4,300,1200,December,,
2023-11-27,CUST362,Male,50.0,Clothing,1,25,25,November,,
2023-06-03,CUST363,Male,64.0,Beauty,1,25,25,June,,
2023-08-23,CUST364,Female,19.0,Beauty,1,500,500,August,,
2023-06-11,CUST365,Male,31.0,Clothing,1,300,300,June,,
2023-02-07,CUST366,Male,57.0,Clothing,2,50,100,February,,
2023-01-05,CUST367,Female,57.0,Electronics,1,50,50,January,,
2023-08-23,CUST368,Female,56.0,Clothing,4,300,1200,August,,
2023-11-15,CUST369,Male,23.0,Electronics,3,500,1500,November,,
2023-10-16,CUST370,Male,23.0,Electronics,2,30,60,October,,
2023-02-21,CUST371,Female,20.0,Beauty,1,25,25,February,,
2023-02-07,CUST372,Female,24.0,Beauty,3,500,1500,February,,
2023-10-03,CUST373,Female,25.0,Beauty,2,300,600,October,,
2023-04-20,CUST374,Female,59.0,Beauty,3,25,75,April,,
2023-09-17,CUST375,Male,32.0,Clothing,1,50,50,September,,
2023-05-16,CUST376,Female,64.0,Beauty,1,30,30,May,,
2023-03-09,CUST377,Female,46.0,Clothing,4,50,200,March,,
2023-06-28,CUST378,Male,50.0,Beauty,1,300,300,June,,
2023-02-05,CUST379,Female,47.0,Clothing,1,25,25,February,,
2023-05-06,CUST380,Male,56.0,Electronics,2,300,600,May,,
2023-07-09,CUST381,Female,44.0,Clothing,4,25,100,July,,
2023-05-26,CUST382,Female,53.0,Clothing,2,500,1000,May,,
2023-03-22,CUST383,Female,46.0,Beauty,3,30,90,March,,
2023-08-13,CUST384,Male,55.0,Clothing,1,500,500,August,,
2023-10-06,CUST385,Male,50.0,Electronics,3,500,1500,October,,
2023-12-27,CUST386,Female,54.0,Electronics,2,300,600,December,,
2023-06-04,CUST387,Male,44.0,Beauty,1,30,30,June,,
2023-11-10,CUST388,Male,50.0,Electronics,1,25,25,November,,
2023-12-01,CUST389,Male,21.0,Clothing,2,25,50,December,,
2023-09-28,CUST390,Male,39.0,Electronics,2,50,100,September,,
2023-01-05,CUST391,Male,19.0,Beauty,2,25,50,January,,
2023-12-08,CUST392,Male,27.0,Clothing,2,300,600,December,,
2023-10-11,CUST393,Female,22.0,Beauty,2,500,1000,October,,
2023-06-03,CUST394,Female,27.0,Clothing,1,500,500,June,,
2023-12-06,CUST395,Male,50.0,Electronics,2,500,1000,December,,
2023-02-23,CUST396,Female,55.0,Beauty,1,30,30,February,,
2023-03-10,CUST397,Female,30.0,Beauty,1,25,25,March,,
2023-05-16,CUST398,Female,48.0,Clothing,2,300,600,May,,
2023-03-01,CUST399,Female,64.0,Beauty,2,30,60,March,,
2023-02-24,CUST400,Male,53.0,Clothing,4,50,200,February,,
2023-10-11,CUST401,Female,62.0,Clothing,1,300,300,October,,
2023-03-21,CUST402,Female,41.0,Clothing,2,300,600,March,,
2023-05-20,CUST403,Male,32.0,Clothing,2,300,600,May,,
2023-05-25,CUST404,Male,46.0,Electronics,2,500,1000,May,,
2023-11-06,CUST405,Female,25.0,Clothing,4,300,1200,November,,
2023-04-18,CUST406,Female,22.0,Beauty,4,25,100,April,,
2023-06-25,CUST407,Female,46.0,Electronics,3,300,900,June,,
2023-04-15,CUST408,Female,64.0,Beauty,1,500,500,April,,
2023-12-18,CUST409,Female,21.0,Electronics,3,300,900,December,,
2023-11-21,CUST410,Female,29.0,Clothing,2,50,100,November,,
2023-05-16,CUST411,Male,62.0,Electronics,4,50,200,May,,
2023-09-16,CUST412,Female,19.0,Electronics,4,500,2000,September,,
2023-09-08,CUST413,Female,44.0,Beauty,3,25,75,September,,
2023-05-09,CUST414,Male,48.0,Beauty,4,25,100,May,,
2023-01-27,CUST415,Male,53.0,Clothing,2,30,60,January,,
2023-02-17,CUST416,Male,53.0,Electronics,4,500,2000,February,,
2023-11-21,CUST417,Male,43.0,Electronics,3,300,900,November,,
2023-08-05,CUST418,Female,60.0,Electronics,2,500,1000,August,,
2023-05-22,CUST419,Female,44.0,Clothing,3,30,90,May,,
2023-01-23,CUST420,Female,22.0,Clothing,4,500,2000,January,,
2023-01-02,CUST421,Female,37.0,Clothing,3,500,1500,January,,
2023-06-20,CUST422,Female,28.0,Clothing,3,30,90,June,,
2023-03-08,CUST423,Female,27.0,Clothing,1,25,25,March,,
2023-11-23,CUST424,Male,57.0,Beauty,4,300,1200,November,,
2023-05-15,CUST425,Female,55.0,Electronics,4,30,120,May,,
2023-03-24,CUST426,Male,23.0,Electronics,3,50,150,March,,
2023-08-15,CUST427,Male,25.0,Electronics,1,25,25,August,,
2023-10-10,CUST428,Female,40.0,Electronics,4,50,200,October,,
2023-12-28,CUST429,Male,64.0,Electronics,2,25,50,December,,
2023-08-07,CUST430,Female,43.0,Electronics,3,300,900,August,,
2023-10-15,CUST431,Male,63.0,Electronics,4,300,1200,October,,
2023-01-05,CUST432,Female,60.0,Electronics,2,500,1000,January,,
2023-02-27,CUST433,Male,29.0,Beauty,4,50,200,February,,
2023-02-08,CUST434,Female,43.0,Electronics,2,25,50,February,,
2023-12-20,CUST435,Female,30.0,Beauty,3,300,900,December,,
2023-03-18,CUST436,Female,57.0,Clothing,4,30,120,March,,
2023-10-07,CUST437,Female,35.0,Electronics,4,300,1200,October,,
2023-01-19,CUST438,Female,42.0,Clothing,1,30,30,January,,
2023-07-09,CUST439,Male,50.0,Clothing,3,25,75,July,,
2023-10-26,CUST440,Male,64.0,Clothing,2,300,600,October,,
2023-10-10,CUST441,Male,57.0,Beauty,4,300,1200,October,,
2023-03-17,CUST442,Female,60.0,Clothing,4,25,100,March,,
2023-08-09,CUST443,Male,29.0,Clothing,2,300,600,August,,
2023-03-07,CUST444,Female,61.0,Clothing,3,30,90,March,,
2023-01-22,CUST445,Female,53.0,Electronics,1,300,300,January,,
2023-06-07,CUST446,Male,21.0,Electronics,1,50,50,June,,
2023-07-06,CUST447,Male,22.0,Beauty,4,500,2000,July,,
2023-01-21,CUST448,Female,54.0,Beauty,2,30,60,January,,
2023-07-03,CUST449,Male,25.0,Electronics,4,50,200,July,,
2023-04-18,CUST450,Female,59.0,Beauty,2,25,50,April,,
2023-12-16,CUST451,Female,45.0,Electronics,1,30,30,December,,
2023-05-08,CUST452,Female,48.0,Clothing,3,500,1500,May,,
2023-12-08,CUST453,Female,26.0,Clothing,2,500,1000,December,,
2023-02-22,CUST454,Female,46.0,Beauty,1,25,25,February,,
2023-07-01,CUST455,Male,31.0,Electronics,4,25,100,July,,
2023-10-14,CUST456,Male,57.0,Electronics,2,30,60,October,,
2023-07-28,CUST457,Female,58.0,Beauty,3,300,900,July,,
2023-11-14,CUST458,Female,39.0,Electronics,4,25,100,November,,
2023-03-21,CUST459,Male,28.0,Clothing,4,300,1200,March,,
2023-05-02,CUST460,Male,40.0,Beauty,1,50,50,May,,
2023-03-25,CUST461,Female,18.0,Beauty,2,500,1000,March,,
2023-04-01,CUST462,Male,63.0,Electronics,4,300,1200,April,,
2023-07-31,CUST463,Female,54.0,Beauty,3,500,1500,July,,
2023-01-13,CUST464,Male,38.0,Electronics,2,300,600,January,,
2023-04-02,CUST465,Female,43.0,Electronics,3,50,150,April,,
2023-06-20,CUST466,Male,63.0,Electronics,4,25,100,June,,
2023-07-30,CUST467,Female,53.0,Electronics,3,50,150,July,,
2023-12-09,CUST468,Male,40.0,Electronics,1,25,25,December,,
2023-05-08,CUST469,Male,18.0,Beauty,3,25,75,May,,
2023-05-17,CUST470,Female,57.0,Clothing,2,500,1000,May,,
2023-03-23,CUST471,Male,32.0,Clothing,3,50,150,March,,
2023-12-26,CUST472,Female,38.0,Beauty,3,300,900,December,,
2023-02-25,CUST473,Male,64.0,Beauty,1,50,50,February,,
2023-07-15,CUST474,Female,26.0,Clothing,3,500,1500,July,,
2023-01-20,CUST475,Male,26.0,Clothing,3,25,75,January,,
2023-08-29,CUST476,Female,27.0,Clothing,4,500,2000,August,,
2023-04-24,CUST477,Male,43.0,Clothing,4,30,120,April,,
2023-04-13,CUST478,Female,58.0,Clothing,2,30,60,April,,
2023-08-24,CUST479,Male,52.0,Electronics,4,300,1200,August,,
2023-06-29,CUST480,Female,42.0,Beauty,4,500,2000,June,,
2023-06-06,CUST481,Female,43.0,Electronics,4,300,1200,June,,
2023-04-27,CUST482,Female,28.0,Clothing,4,300,1200,April,,
2023-04-25,CUST483,Male,55.0,Clothing,1,30,30,April,,
2023-01-13,CUST484,Female,19.0,Clothing,4,300,1200,January,,
2023-12-04,CUST485,Male,24.0,Electronics,1,30,30,December,,
2023-04-09,CUST486,Female,35.0,Electronics,1,25,25,April,,
2023-07-24,CUST487,Male,44.0,Clothing,4,500,2000,July,,
2023-06-18,CUST488,Female,51.0,Electronics,3,300,900,June,,
2023-05-23,CUST489,Male,44.0,Electronics,1,30,30,May,,
2023-02-05,CUST490,Male,34.0,Clothing,3,50,150,February,,
2023-05-23,CUST491,Female,60.0,Electronics,3,300,900,May,,
2023-06-29,CUST492,Male,61.0,Beauty,4,25,100,June,,
2023-11-25,CUST493,Male,41.0,Beauty,2,25,50,November,,
2023-09-18,CUST494,Female,42.0,Beauty,4,50,200,September,,
2023-07-24,CUST495,Male,24.0,Beauty,2,30,60,July,,
2023-12-14,CUST496,Male,23.0,Clothing,2,300,600,December,,
2023-10-02,CUST497,Male,41.0,Clothing,4,30,120,October,,
2023-06-19,CUST498,Female,50.0,Clothing,4,25,100,June,,
2023-01-15,CUST499,Male,46.0,Beauty,2,30,60,January,,
2023-03-01,CUST500,Female,60.0,Beauty,4,25,100,March,,
2023-05-14,CUST501,Male,39.0,Electronics,2,30,60,May,,
2023-04-02,CUST502,Male,43.0,Electronics,3,50,150,April,,
2023-10-25,CUST503,Male,45.0,Beauty,4,500,2000,October,,
2023-05-16,CUST504,Female,38.0,Beauty,3,50,150,May,,
2023-01-20,CUST505,Male,24.0,Beauty,1,50,50,January,,
2023-02-25,CUST506,Male,34.0,Beauty,3,500,1500,February,,
2023-11-02,CUST507,Female,37.0,Electronics,3,500,1500,November,,
2023-08-11,CUST508,Male,58.0,Beauty,2,300,600,August,,
2023-06-26,CUST509,Female,37.0,Electronics,3,300,900,June,,
2023-06-10,CUST510,Female,39.0,Beauty,4,50,200,June,,
2023-08-12,CUST511,Male,45.0,Beauty,2,50,100,August,,
2023-11-07,CUST512,Female,57.0,Beauty,1,25,25,November,,
2023-09-19,CUST513,Male,24.0,Electronics,4,25,100,September,,
2023-03-01,CUST514,Female,18.0,Electronics,1,300,300,March,,
2023-07-17,CUST515,Female,49.0,Clothing,3,300,900,July,,
2023-10-23,CUST516,Male,30.0,Beauty,4,25,100,October,,
2023-04-08,CUST517,Female,47.0,Clothing,4,25,100,April,,
2023-05-11,CUST518,Female,40.0,Clothing,1,30,30,May,,
2023-01-23,CUST519,Female,36.0,Electronics,4,30,120,January,,
2023-12-29,CUST520,Female,49.0,Electronics,4,25,100,December,,
2023-08-12,CUST521,Female,47.0,Clothing,4,30,120,August,,
2023-01-01,CUST522,Male,46.0,Beauty,3,500,1500,January,,
2023-09-24,CUST523,Female,62.0,Electronics,1,300,300,September,,
2023-10-03,CUST524,Male,46.0,Beauty,4,300,1200,October,,
2023-12-18,CUST525,Female,47.0,Beauty,2,25,50,December,,
2023-12-10,CUST526,Male,33.0,Clothing,2,50,100,December,,
2023-04-11,CUST527,Male,57.0,Clothing,2,25,50,April,,
2023-07-06,CUST528,Female,36.0,Clothing,2,30,60,July,,
2023-08-09,CUST529,Female,35.0,Clothing,3,50,150,August,,
2023-02-05,CUST530,Female,18.0,Electronics,4,30,120,February,,
2023-12-07,CUST531,Male,31.0,Electronics,1,500,500,December,,
2023-06-19,CUST532,Female,64.0,Clothing,4,30,120,June,,
2023-11-16,CUST533,Male,19.0,Electronics,3,500,1500,November,,
2023-06-10,CUST534,Male,45.0,Clothing,2,500,1000,June,,
2023-12-06,CUST535,Male,47.0,Beauty,3,30,90,December,,
2023-03-05,CUST536,Female,55.0,Beauty,4,30,120,March,,
2023-06-03,CUST537,Female,21.0,Beauty,1,500,500,June,,
2023-09-17,CUST538,Male,18.0,Clothing,3,50,150,September,,
2023-06-08,CUST539,Male,25.0,Beauty,1,500,500,June,,
2023-12-08,CUST540,Female,46.0,Electronics,3,300,900,December,,
2023-07-29,CUST541,Male,56.0,Beauty,1,500,500,July,,
2023-06-17,CUST542,Female,20.0,Beauty,1,50,50,June,,
2023-07-26,CUST543,Male,49.0,Beauty,2,300,600,July,,
2023-12-23,CUST544,Female,27.0,Electronics,1,25,25,December,,
2023-06-01,CUST545,Male,27.0,Clothing,2,25,50,June,,
2023-10-11,CUST546,Female,36.0,Electronics,4,50,200,October,,
2023-03-07,CUST547,Male,63.0,Clothing,4,500,2000,March,,
2023-04-09,CUST548,Female,51.0,Clothing,2,30,60,April,,
2023-08-04,CUST549,Female,50.0,Beauty,2,50,100,August,,
2023-12-07,CUST550,Male,40.0,Clothing,3,300,900,December,,
2023-07-14,CUST551,Male,45.0,Electronics,3,300,900,July,,
2023-12-13,CUST552,Female,49.0,Electronics,3,25,75,December,,
2023-03-31,CUST553,Male,24.0,Clothing,4,300,1200,March,,
2023-11-12,CUST554,Female,46.0,Beauty,3,50,150,November,,
2023-10-19,CUST555,Male,25.0,Beauty,1,300,300,October,,
2023-06-04,CUST556,Female,18.0,Electronics,1,50,50,June,,
2023-07-27,CUST557,Female,20.0,Beauty,3,30,90,July,,
2023-10-08,CUST558,Female,41.0,Clothing,1,25,25,October,,
2023-01-01,CUST559,Female,40.0,Clothing,4,300,1200,January,,
2023-06-05,CUST560,Female,25.0,Electronics,1,50,50,June,,
2023-05-27,CUST561,Female,64.0,Clothing,4,500,2000,May,,
2023-04-18,CUST562,Male,54.0,Electronics,2,25,50,April,,
2023-08-09,CUST563,Male,20.0,Clothing,2,30,60,August,,
2023-10-24,CUST564,Male,50.0,Electronics,2,50,100,October,,
2023-11-07,CUST565,Female,45.0,Beauty,2,30,60,November,,
2023-12-02,CUST566,Female,64.0,Clothing,1,30,30,December,,
2023-06-14,CUST567,Female,25.0,Clothing,3,300,900,June,,
2023-08-27,CUST568,Female,51.0,Electronics,1,300,300,August,,
2023-08-15,CUST569,Male,52.0,Electronics,4,50,200,August,,
2023-08-15,CUST570,Male,49.0,Clothing,1,500,500,August,,
2023-12-12,CUST571,Female,41.0,Electronics,1,50,50,December,,
2023-04-20,CUST572,Male,31.0,Clothing,4,500,2000,April,,
2023-09-19,CUST573,Male,49.0,Beauty,2,30,60,September,,
2023-08-31,CUST574,Female,63.0,Electronics,2,25,50,August,,
2023-03-28,CUST575,Male,60.0,Clothing,2,50,100,March,,
2023-12-04,CUST576,Female,33.0,Beauty,3,50,150,December,,
2023-02-13,CUST577,Male,21.0,Beauty,4,500,2000,February,,
2023-05-26,CUST578,Female,54.0,Clothing,4,30,120,May,,
2023-09-21,CUST579,Female,38.0,Electronics,1,30,30,September,,
2023-12-06,CUST580,Female,31.0,Clothing,3,500,1500,December,,
2023-11-21,CUST581,Female,48.0,Beauty,2,30,60,November,,
2023-11-14,CUST582,Male,35.0,Clothing,3,300,900,November,,
2023-06-21,CUST583,Female,24.0,Electronics,4,25,100,June,,
2023-02-17,CUST584,Female,27.0,Beauty,4,50,200,February,,
2023-05-01,CUST585,Female,24.0,Clothing,1,25,25,May,,
2023-12-11,CUST586,Male,50.0,Electronics,1,50,50,December,,
2023-06-08,CUST587,Female,40.0,Beauty,4,300,1200,June,,
2023-04-26,CUST588,Male,38.0,Electronics,2,30,60,April,,
2023-04-12,CUST589,Female,36.0,Beauty,2,500,1000,April,,
2023-03-17,CUST590,Male,36.0,Clothing,3,300,900,March,,
2023-01-13,CUST591,Male,53.0,Electronics,4,25,100,January,,
2023-01-24,CUST592,Female,46.0,Beauty,4,500,2000,January,,
2023-05-06,CUST593,Male,35.0,Electronics,2,30,60,May,,
2023-09-01,CUST594,Female,19.0,Electronics,2,300,600,September,,
2023-11-09,CUST595,Female,18.0,Clothing,4,500,2000,November,,
2023-02-07,CUST596,Female,64.0,Electronics,1,300,300,February,,
2023-08-22,CUST597,Male,22.0,Beauty,4,300,1200,August,,
2023-08-01,CUST598,Male,37.0,Beauty,4,30,120,August,,
2023-11-19,CUST599,Female,28.0,Beauty,2,50,100,November,,
2023-10-22,CUST600,Female,59.0,Beauty,2,500,1000,October,,
2023-04-10,CUST601,Male,19.0,Clothing,1,30,30,April,,
2023-12-23,CUST602,Female,20.0,Electronics,1,300,300,December,,
2023-07-16,CUST603,Female,40.0,Clothing,3,30,90,July,,
2023-09-11,CUST604,Female,29.0,Electronics,4,50,200,September,,
2023-07-24,CUST605,Male,37.0,Electronics,2,500,1000,July,,
2023-05-05,CUST606,Male,22.0,Electronics,1,50,50,May,,
2023-03-17,CUST607,Male,54.0,Clothing,3,25,75,March,,
2023-12-02,CUST608,Female,55.0,Electronics,3,500,1500,December,,
2023-12-19,CUST609,Female,47.0,Clothing,2,50,100,December,,
2023-01-03,CUST610,Female,26.0,Beauty,2,300,600,January,,
2023-02-24,CUST611,Male,51.0,Beauty,3,500,1500,February,,
2023-08-06,CUST612,Female,61.0,Electronics,1,500,500,August,,
2023-04-23,CUST613,Female,52.0,Clothing,3,30,90,April,,
2023-04-01,CUST614,Female,39.0,Beauty,4,300,1200,April,,
2023-12-23,CUST615,Female,61.0,Clothing,4,25,100,December,,
2023-09-23,CUST616,Male,41.0,Clothing,2,50,100,September,,
2023-08-26,CUST617,Male,34.0,Electronics,1,30,30,August,,
2023-01-26,CUST618,Female,27.0,Beauty,1,50,50,January,,
2023-10-13,CUST619,Male,47.0,Electronics,4,25,100,October,,
2023-05-08,CUST620,Male,63.0,Electronics,3,25,75,May,,
2023-03-04,CUST621,Female,40.0,Beauty,2,500,1000,March,,
2023-08-22,CUST622,Female,49.0,Beauty,3,25,75,August,,
2023-03-10,CUST623,Male,34.0,Clothing,3,50,150,March,,
2023-08-26,CUST624,Female,34.0,Beauty,3,300,900,August,,
2023-12-08,CUST625,Male,31.0,Clothing,1,300,300,December,,
2023-09-29,CUST626,Female,26.0,Clothing,4,500,2000,September,,
2023-10-14,CUST627,Male,57.0,Clothing,1,50,50,October,,
2023-11-01,CUST628,Female,19.0,Beauty,4,50,200,November,,
2023-06-12,CUST629,Male,62.0,Electronics,2,25,50,June,,
2023-08-15,CUST630,Male,42.0,Clothing,2,50,100,August,,
2023-11-10,CUST631,Male,56.0,Electronics,3,30,90,November,,
2023-09-16,CUST632,Female,26.0,Electronics,4,25,100,September,,
2023-08-07,CUST633,Male,39.0,Beauty,4,30,120,August,,
2023-10-08,CUST634,Male,60.0,Electronics,4,500,2000,October,,
2023-08-17,CUST635,Female,63.0,Electronics,3,300,900,August,,
2023-03-23,CUST636,Female,21.0,Beauty,3,500,1500,March,,
2023-09-01,CUST637,Male,43.0,Clothing,2,300,600,September,,
2023-08-19,CUST638,Male,46.0,Electronics,1,500,500,August,,
2023-05-13,CUST639,Female,62.0,Beauty,4,50,200,May,,
2023-05-07,CUST640,Female,51.0,Electronics,4,30,120,May,,
2023-11-23,CUST641,Female,40.0,Electronics,1,300,300,November,,
2023-05-22,CUST642,Female,54.0,Clothing,4,25,100,May,,
2023-09-24,CUST643,Female,28.0,Electronics,3,30,90,September,,
2023-09-06,CUST644,Male,23.0,Beauty,3,25,75,September,,
2023-11-17,CUST645,Female,35.0,Electronics,4,30,120,November,,
2023-05-03,CUST646,Male,38.0,Clothing,3,30,90,May,,
2023-05-21,CUST647,Male,59.0,Clothing,3,500,1500,May,,
2023-08-14,CUST648,Male,53.0,Beauty,4,300,1200,August,,
2023-02-09,CUST649,Female,58.0,Clothing,2,300,600,February,,
2024-01-01,CUST650,Male,55.0,Electronics,1,30,30,January,,
2023-05-27,CUST651,Male,51.0,Clothing,3,50,150,May,,
2023-05-01,CUST652,Female,34.0,Beauty,2,50,100,May,,
2023-05-20,CUST653,Male,54.0,Clothing,3,25,75,May,,
2023-06-21,CUST654,Male,42.0,Clothing,3,25,75,June,,
2023-06-13,CUST655,Female,55.0,Clothing,1,500,500,June,,
2023-10-04,CUST656,Male,29.0,Beauty,3,30,90,October,,
2023-02-11,CUST657,Male,40.0,Clothing,1,25,25,February,,
2023-03-12,CUST658,Male,59.0,Clothing,1,25,25,March,,
2023-03-19,CUST659,Female,39.0,Electronics,1,30,30,March,,
2023-04-29,CUST660,Female,38.0,Beauty,2,500,1000,April,,
2023-07-16,CUST661,Female,44.0,Clothing,4,25,100,July,,
2023-12-22,CUST662,Male,48.0,Beauty,2,500,1000,December,,
2023-03-20,CUST663,Male,23.0,Clothing,4,300,1200,March,,
2023-12-28,CUST664,Female,44.0,Clothing,4,500,2000,December,,
2023-04-20,CUST665,Male,57.0,Clothing,1,50,50,April,,
2023-02-02,CUST666,Male,51.0,Electronics,3,50,150,February,,
2023-08-01,CUST667,Female,29.0,Electronics,1,500,500,August,,
2023-07-28,CUST668,Female,62.0,Electronics,3,50,150,July,,
2023-06-19,CUST669,Male,24.0,Beauty,4,300,1200,June,,
2023-10-05,CUST670,Male,27.0,Beauty,1,30,30,October,,
2023-08-27,CUST671,Male,62.0,Electronics,3,50,150,August,,
2023-08-01,CUST672,Female,34.0,Beauty,2,50,100,August,,
2023-02-01,CUST673,Female,43.0,Clothing,3,500,1500,February,,
2023-04-16,CUST674,Female,38.0,Clothing,1,300,300,April,,
2023-08-04,CUST675,Female,45.0,Clothing,2,30,60,August,,
2023-07-19,CUST676,Male,63.0,Electronics,3,500,1500,July,,
2023-10-27,CUST677,Female,19.0,Beauty,3,500,1500,October,,
2023-12-23,CUST678,Female,60.0,Electronics,3,300,900,December,,
2023-01-11,CUST679,Female,18.0,Beauty,3,30,90,January,,
2023-10-22,CUST680,Female,53.0,Clothing,3,300,900,October,,
2023-07-14,CUST681,Female,43.0,Electronics,2,30,60,July,,
2023-09-02,CUST682,Male,46.0,Beauty,4,300,1200,September,,
2023-01-04,CUST683,Male,38.0,Beauty,2,500,1000,January,,
2023-06-30,CUST684,Female,28.0,Clothing,2,500,1000,June,,
2023-06-02,CUST685,Male,57.0,Electronics,2,25,50,June,,
2023-07-19,CUST686,Female,28.0,Electronics,4,50,200,July,,
2023-08-03,CUST687,Female,53.0,Electronics,1,300,300,August,,
2023-10-03,CUST688,Male,56.0,Clothing,4,25,100,October,,
2023-10-07,CUST689,Male,57.0,Electronics,2,50,100,October,,
2023-11-05,CUST690,Female,52.0,Clothing,3,300,900,November,,
2023-04-23,CUST691,Female,51.0,Clothing,3,30,90,April,,
2023-09-07,CUST692,Female,64.0,Clothing,2,50,100,September,,
2023-04-23,CUST693,Male,41.0,Beauty,3,500,1500,April,,
2023-05-20,CUST694,Female,39.0,Electronics,2,25,50,May,,
2023-08-12,CUST695,Female,22.0,Electronics,3,50,150,August,,
2023-09-06,CUST696,Female,50.0,Clothing,4,50,200,September,,
2023-01-15,CUST697,Male,53.0,Clothing,1,500,500,January,,
2023-07-19,CUST698,Female,64.0,Electronics,1,300,300,July,,
2023-06-22,CUST699,Female,37.0,Clothing,4,30,120,June,,
2023-12-09,CUST700,Male,36.0,Electronics,4,500,2000,December,,
2023-12-14,CUST701,Female,52.0,Beauty,2,30,60,December,,
2023-07-27,CUST702,Female,60.0,Clothing,2,300,600,July,,
2023-03-26,CUST703,Male,34.0,Electronics,2,50,100,March,,
2023-08-28,CUST704,Female,62.0,Clothing,3,30,90,August,,
2023-03-07,CUST705,Male,60.0,Electronics,2,25,50,March,,
2023-11-15,CUST706,Male,51.0,Electronics,4,25,100,November,,
2023-10-01,CUST707,Female,26.0,Clothing,1,500,500,October,,
2023-01-14,CUST708,Female,43.0,Beauty,3,300,900,January,,
2023-07-21,CUST709,Female,19.0,Electronics,2,500,1000,July,,
2023-10-31,CUST710,Female,26.0,Electronics,3,500,1500,October,,
2023-10-16,CUST711,Male,26.0,Electronics,3,500,1500,October,,
2023-12-06,CUST712,Female,57.0,Beauty,2,25,50,December,,
2023-01-14,CUST713,Male,34.0,Beauty,3,25,75,January,,
2023-02-12,CUST714,Female,18.0,Clothing,1,500,500,February,,
2023-11-26,CUST715,Female,42.0,Beauty,4,25,100,November,,
2023-08-08,CUST716,Female,60.0,Clothing,4,300,1200,August,,
2023-03-11,CUST717,Male,57.0,Clothing,1,500,500,March,,
2023-08-25,CUST718,Female,59.0,Beauty,3,25,75,August,,
2023-04-04,CUST719,Female,42.0,Clothing,2,30,60,April,,
2023-01-26,CUST720,Female,56.0,Beauty,3,500,1500,January,,
2023-05-14,CUST721,Female,52.0,Clothing,1,500,500,May,,
2023-07-14,CUST722,Male,20.0,Beauty,3,300,900,July,,
2023-06-17,CUST723,Female,54.0,Beauty,4,50,200,June,,
2023-04-19,CUST724,Male,61.0,Clothing,3,50,150,April,,
2023-08-21,CUST725,Male,61.0,Electronics,1,300,300,August,,
2023-06-17,CUST726,Male,47.0,Clothing,4,300,1200,June,,
2023-06-22,CUST727,Male,55.0,Beauty,3,300,900,June,,
2023-07-14,CUST728,Male,51.0,Electronics,3,50,150,July,,
2023-05-23,CUST729,Male,29.0,Clothing,4,300,1200,May,,
2023-08-04,CUST730,Female,36.0,Clothing,2,25,50,August,,
2023-05-10,CUST731,Male,54.0,Clothing,4,500,2000,May,,
2023-02-11,CUST732,Male,61.0,Electronics,2,500,1000,February,,
2023-08-29,CUST733,Male,34.0,Beauty,1,30,30,August,,
2023-01-10,CUST734,Female,27.0,Clothing,1,30,30,January,,
2023-10-04,CUST735,Female,64.0,Clothing,4,500,2000,October,,
2023-01-27,CUST736,Male,29.0,Clothing,4,25,100,January,,
2023-06-29,CUST737,Female,33.0,Clothing,1,50,50,June,,
2023-04-25,CUST738,Male,41.0,Clothing,2,50,100,April,,
2023-11-29,CUST739,Male,36.0,Beauty,1,25,25,November,,
2023-02-05,CUST740,Female,25.0,Beauty,4,50,200,February,,
2023-11-30,CUST741,Male,48.0,Clothing,1,300,300,November,,
2023-01-21,CUST742,Female,38.0,Electronics,4,500,2000,January,,
2023-01-16,CUST743,Female,34.0,Beauty,4,500,2000,January,,
2023-05-07,CUST744,Male,40.0,Electronics,1,25,25,May,,
2023-04-13,CUST745,Male,54.0,Beauty,2,50,100,April,,
2023-01-11,CUST746,Female,33.0,Clothing,3,30,90,January,,
2023-11-15,CUST747,Male,23.0,Beauty,1,30,30,November,,
2023-03-20,CUST748,Male,25.0,Clothing,3,50,150,March,,
2023-05-03,CUST749,Male,42.0,Beauty,1,30,30,May,,
2023-03-06,CUST750,Female,35.0,Clothing,3,25,75,March,,
2023-08-31,CUST751,Female,42.0,Clothing,2,25,50,August,,
2023-12-09,CUST752,Male,29.0,Clothing,2,50,100,December,,
2023-02-28,CUST753,Female,32.0,Clothing,1,30,30,February,,
2023-10-16,CUST754,Female,43.0,Electronics,4,25,100,October,,
2023-04-22,CUST755,Female,58.0,Clothing,3,25,75,April,,
2023-08-27,CUST756,Female,62.0,Electronics,4,300,1200,August,,
2023-12-25,CUST757,Female,43.0,Electronics,4,300,1200,December,,
2023-05-12,CUST758,Male,64.0,Clothing,4,25,100,May,,
2023-07-08,CUST759,Male,49.0,Electronics,2,50,100,July,,
2023-03-27,CUST760,Male,27.0,Beauty,1,500,500,March,,
2023-11-07,CUST761,Female,33.0,Clothing,1,500,500,November,,
2023-11-07,CUST762,Female,24.0,Electronics,2,25,50,November,,
2023-02-28,CUST763,Male,34.0,Clothing,2,25,50,February,,
2023-03-25,CUST764,Female,40.0,Clothing,1,25,25,March,,
2023-06-09,CUST765,Male,43.0,Clothing,4,50,200,June,,
2023-02-25,CUST766,Male,38.0,Electronics,3,300,900,February,,
2023-10-24,CUST767,Male,39.0,Beauty,3,25,75,October,,
2023-01-14,CUST768,Female,24.0,Beauty,3,25,75,January,,
2023-06-09,CUST769,Female,31.0,Electronics,4,30,120,June,,
2023-10-22,CUST770,Male,32.0,Clothing,1,50,50,October,,
2023-12-13,CUST771,Male,24.0,Electronics,2,25,50,December,,
2023-07-12,CUST772,Male,26.0,Electronics,1,30,30,July,,
2023-07-23,CUST773,Male,25.0,Electronics,4,500,2000,July,,
2023-04-12,CUST774,Female,40.0,Clothing,2,25,50,April,,
2023-02-08,CUST775,Female,46.0,Electronics,4,25,100,February,,
2023-10-31,CUST776,Male,35.0,Clothing,3,30,90,October,,
2023-12-20,CUST777,Male,48.0,Electronics,3,50,150,December,,
2023-11-18,CUST778,Female,47.0,Beauty,4,25,100,November,,
2023-05-05,CUST779,Female,56.0,Electronics,2,500,1000,May,,
2023-02-22,CUST780,Male,52.0,Electronics,2,25,50,February,,
2023-12-23,CUST781,Male,35.0,Beauty,1,500,500,December,,
2023-06-04,CUST782,Male,59.0,Clothing,3,300,900,June,,
2023-12-17,CUST783,Female,56.0,Clothing,1,300,300,December,,
2023-11-04,CUST784,Female,34.0,Electronics,1,500,500,November,,
2023-03-03,CUST785,Female,31.0,Beauty,4,50,200,March,,
2023-10-17,CUST786,Male,48.0,Clothing,4,25,100,October,,
2023-01-22,CUST787,Male,41.0,Electronics,1,25,25,January,,
2023-06-27,CUST788,Female,52.0,Beauty,3,300,900,June,,
2023-09-30,CUST789,Female,61.0,Clothing,4,500,2000,September,,
2023-08-08,CUST790,Male,62.0,Clothing,1,25,25,August,,
2023-12-05,CUST791,Female,51.0,Beauty,1,25,25,December,,
2023-07-09,CUST792,Female,20.0,Beauty,1,50,50,July,,
2023-02-05,CUST793,Male,54.0,Beauty,1,30,30,February,,
2023-09-17,CUST794,Female,60.0,Beauty,1,300,300,September,,
2023-11-28,CUST795,Male,57.0,Electronics,1,300,300,November,,
2023-06-24,CUST796,Male,43.0,Beauty,4,30,120,June,,
2023-01-07,CUST797,Male,40.0,Clothing,3,25,75,January,,
2023-08-04,CUST798,Male,61.0,Clothing,1,50,50,August,,
2023-09-08,CUST799,Male,56.0,Electronics,2,50,100,September,,
2023-02-24,CUST800,Male,32.0,Clothing,4,300,1200,February,,
2023-08-10,CUST801,Male,21.0,Clothing,4,50,200,August,,
2023-07-05,CUST802,Female,46.0,Beauty,1,30,30,July,,
2023-11-22,CUST803,Male,39.0,Clothing,4,25,100,November,,
2023-08-24,CUST804,Male,42.0,Electronics,1,30,30,August,,
2023-12-29,CUST805,Female,30.0,Beauty,3,500,1500,December,,
2023-03-20,CUST806,Female,35.0,Beauty,3,300,900,March,,
2023-08-11,CUST807,Female,50.0,Electronics,4,50,200,August,,
2023-04-01,CUST808,Male,33.0,Beauty,4,500,2000,April,,
2023-09-25,CUST809,Female,62.0,Beauty,2,50,100,September,,
2023-11-30,CUST810,Male,59.0,Electronics,4,25,100,November,,
2023-05-19,CUST811,Male,61.0,Beauty,2,25,50,May,,
2023-11-12,CUST812,Male,19.0,Electronics,3,25,75,November,,
2023-10-03,CUST813,Male,52.0,Electronics,3,50,150,October,,
2023-09-05,CUST814,Female,59.0,Clothing,1,500,500,September,,
2023-08-27,CUST815,Female,51.0,Clothing,3,25,75,August,,
2023-08-12,CUST816,Male,47.0,Beauty,2,500,1000,August,,
2023-10-31,CUST817,Male,30.0,Beauty,4,50,200,October,,
2023-05-18,CUST818,Male,30.0,Electronics,1,500,500,May,,
2023-06-15,CUST819,Female,35.0,Beauty,2,50,100,June,,
2023-05-06,CUST820,Male,49.0,Electronics,4,50,200,May,,
2023-02-14,CUST821,Male,49.0,Electronics,1,300,300,February,,
2023-05-23,CUST822,Female,52.0,Beauty,3,50,150,May,,
2023-08-19,CUST823,Female,56.0,Electronics,2,50,100,August,,
2023-05-05,CUST824,Male,63.0,Clothing,4,30,120,May,,
2023-08-26,CUST825,Female,46.0,Beauty,1,25,25,August,,
2023-10-19,CUST826,Female,46.0,Clothing,1,300,300,October,,
2023-11-09,CUST827,Male,61.0,Beauty,3,300,900,November,,
2023-12-09,CUST828,Female,33.0,Electronics,4,300,1200,December,,
2023-07-14,CUST829,Male,61.0,Beauty,3,30,90,July,,
2023-06-22,CUST830,Female,64.0,Clothing,3,50,150,June,,
2023-01-15,CUST831,Male,27.0,Electronics,4,25,100,January,,
2023-09-11,CUST832,Male,47.0,Beauty,4,500,2000,September,,
2023-06-16,CUST833,Male,42.0,Beauty,4,50,200,June,,
2023-04-04,CUST834,Female,56.0,Beauty,2,30,60,April,,
2023-09-07,CUST835,Male,37.0,Clothing,4,50,200,September,,
2023-04-19,CUST836,Female,22.0,Clothing,1,50,50,April,,
2023-07-01,CUST837,Male,18.0,Beauty,3,30,90,July,,
2023-05-13,CUST838,Male,47.0,Electronics,2,300,600,May,,
2023-06-24,CUST839,Female,20.0,Electronics,4,300,1200,June,,
2023-05-24,CUST840,Male,62.0,Clothing,2,25,50,May,,
2023-11-02,CUST841,Male,31.0,Electronics,4,25,100,November,,
2023-12-26,CUST842,Female,47.0,Clothing,2,300,600,December,,
2023-05-22,CUST843,Male,21.0,Beauty,3,500,1500,May,,
2023-10-12,CUST844,Male,35.0,Clothing,3,50,150,October,,
2023-01-06,CUST845,Male,54.0,Clothing,1,500,500,January,,
2023-09-22,CUST846,Male,42.0,Beauty,1,50,50,September,,
2023-04-08,CUST847,Female,18.0,Electronics,4,300,1200,April,,
2023-02-13,CUST848,Female,63.0,Clothing,3,25,75,February,,
2023-05-04,CUST849,Male,32.0,Clothing,2,25,50,May,,
2023-07-28,CUST850,Female,26.0,Beauty,2,500,1000,July,,
2023-09-08,CUST851,Male,32.0,Electronics,2,25,50,September,,
2023-10-12,CUST852,Female,41.0,Clothing,1,300,300,October,,
2023-05-04,CUST853,Male,21.0,Beauty,2,500,1000,May,,
2023-12-20,CUST854,Male,29.0,Clothing,1,50,50,December,,
2023-09-01,CUST855,Male,54.0,Beauty,1,25,25,September,,
2023-11-27,CUST856,Male,54.0,Electronics,4,30,120,November,,
2023-12-31,CUST857,Male,60.0,Electronics,2,25,50,December,,
2023-09-09,CUST858,Male,23.0,Electronics,2,50,100,September,,
2023-08-18,CUST859,Female,56.0,Electronics,3,500,1500,August,,
2023-01-09,CUST860,Male,63.0,Clothing,4,50,200,January,,
2023-02-17,CUST861,Female,41.0,Clothing,3,30,90,February,,
2023-05-31,CUST862,Male,28.0,Electronics,4,300,1200,May,,
2023-04-24,CUST863,Female,30.0,Electronics,2,25,50,April,,
2023-07-27,CUST864,Female,51.0,Electronics,1,500,500,July,,
2023-12-21,CUST865,Female,42.0,Clothing,1,300,300,December,,
2023-05-05,CUST866,Male,24.0,Electronics,1,50,50,May,,
2023-06-06,CUST867,Male,21.0,Electronics,1,500,500,June,,
2023-12-06,CUST868,Female,25.0,Electronics,1,300,300,December,,
2023-10-25,CUST869,Male,37.0,Beauty,3,500,1500,October,,
2023-07-08,CUST870,Female,46.0,Electronics,4,30,120,July,,
2023-08-31,CUST871,Male,62.0,Beauty,2,30,60,August,,
2023-10-11,CUST872,Female,63.0,Beauty,3,25,75,October,,
2023-09-29,CUST873,Female,27.0,Electronics,4,25,100,September,,
2023-06-26,CUST874,Male,60.0,Beauty,1,30,30,June,,
2023-08-06,CUST875,Female,51.0,Electronics,4,500,2000,August,,
2023-10-09,CUST876,Male,43.0,Clothing,4,30,120,October,,
2023-06-19,CUST877,Female,58.0,Clothing,1,25,25,June,,
2023-06-30,CUST878,Female,20.0,Clothing,1,30,30,June,,
2023-12-26,CUST879,Male,23.0,Clothing,1,30,30,December,,
2023-08-21,CUST880,Male,22.0,Beauty,2,500,1000,August,,
2023-05-19,CUST881,Male,22.0,Electronics,1,300,300,May,,
2023-06-06,CUST882,Female,64.0,Electronics,2,25,50,June,,
2023-05-09,CUST883,Male,40.0,Electronics,1,500,500,May,,
2023-04-29,CUST884,Female,26.0,Clothing,2,30,60,April,,
2023-03-03,CUST885,Female,52.0,Clothing,4,30,120,March,,
2023-04-09,CUST886,Male,37.0,Electronics,3,300,900,April,,
2023-06-11,CUST887,Male,59.0,Clothing,4,25,100,June,,
2023-03-03,CUST888,Female,52.0,Electronics,4,25,100,March,,
2023-10-02,CUST889,Female,35.0,Electronics,1,50,50,October,,
2023-12-20,CUST890,Male,34.0,Electronics,2,25,50,December,,
2023-04-05,CUST891,Male,41.0,Electronics,3,300,900,April,,
2023-04-09,CUST892,Male,20.0,Electronics,1,50,50,April,,
2023-04-21,CUST893,Male,49.0,Electronics,1,50,50,April,,
2023-09-05,CUST894,Male,52.0,Electronics,1,30,30,September,,
2023-05-22,CUST895,Female,55.0,Clothing,4,30,120,May,,
2023-10-29,CUST896,Female,30.0,Electronics,2,25,50,October,,
2023-09-26,CUST897,Female,64.0,Electronics,2,50,100,September,,
2023-11-02,CUST898,Female,42.0,Clothing,3,30,90,November,,
2023-05-25,CUST899,Male,26.0,Clothing,2,300,600,May,,
2023-02-21,CUST900,Male,21.0,Clothing,2,30,60,February,,
2023-04-10,CUST901,Male,31.0,Electronics,1,30,30,April,,
2023-06-01,CUST902,Female,54.0,Beauty,1,50,50,June,,
2023-04-27,CUST903,Female,51.0,Beauty,4,50,200,April,,
2023-07-04,CUST904,Male,28.0,Clothing,1,500,500,July,,
2023-04-02,CUST905,Male,58.0,Beauty,1,300,300,April,,
2023-06-04,CUST906,Female,20.0,Clothing,1,50,50,June,,
2023-01-08,CUST907,Female,45.0,Electronics,1,25,25,January,,
2023-12-29,CUST908,Male,46.0,Beauty,4,300,1200,December,,
2023-10-01,CUST909,Male,26.0,Electronics,1,300,300,October,,
2023-03-06,CUST910,Female,20.0,Beauty,3,50,150,March,,
2023-05-21,CUST911,Male,42.0,Electronics,3,300,900,May,,
2023-01-24,CUST912,Male,51.0,Beauty,3,50,150,January,,
2023-01-28,CUST913,Male,29.0,Electronics,3,30,90,January,,
2023-10-11,CUST914,Female,59.0,Electronics,1,500,500,October,,
2023-05-30,CUST915,Female,26.0,Beauty,3,30,90,May,,
2023-12-24,CUST916,Female,32.0,Electronics,1,50,50,December,,
2023-03-06,CUST917,Female,57.0,Electronics,4,50,200,March,,
2023-11-23,CUST918,Female,42.0,Electronics,3,30,90,November,,
2023-09-09,CUST919,Female,22.0,Beauty,2,25,50,September,,
2023-02-22,CUST920,Female,28.0,Beauty,3,25,75,February,,
2023-01-07,CUST921,Male,51.0,Electronics,3,25,75,January,,
2023-10-21,CUST922,Male,41.0,Electronics,1,50,50,October,,
2023-05-26,CUST923,Male,32.0,Beauty,3,300,900,May,,
2023-08-29,CUST924,Male,55.0,Beauty,2,50,100,August,,
2023-09-03,CUST925,Male,25.0,Electronics,1,300,300,September,,
2023-08-14,CUST926,Male,22.0,Electronics,1,30,30,August,,
2023-06-24,CUST927,Male,43.0,Electronics,4,500,2000,June,,
2023-04-05,CUST928,Female,35.0,Clothing,4,300,1200,April,,
2023-01-27,CUST929,Female,23.0,Beauty,3,25,75,January,,
2023-05-10,CUST930,Male,54.0,Clothing,4,50,200,May,,
2023-09-02,CUST931,Male,30.0,Beauty,4,30,120,September,,
2023-02-28,CUST932,Female,45.0,Beauty,4,25,100,February,,
2023-02-03,CUST933,Male,22.0,Beauty,1,30,30,February,,
2023-07-25,CUST934,Male,30.0,Beauty,1,500,500,July,,
2023-09-09,CUST935,Female,34.0,Beauty,1,50,50,September,,
2023-02-07,CUST936,Male,57.0,Beauty,4,50,200,February,,
2023-10-23,CUST937,Female,62.0,Beauty,1,500,500,October,,
2023-11-19,CUST938,Male,49.0,Clothing,4,50,200,November,,
2023-12-18,CUST939,Female,46.0,Electronics,1,300,300,December,,
2023-01-28,CUST940,Female,20.0,Electronics,1,30,30,January,,
2023-03-19,CUST941,Female,57.0,Clothing,2,25,50,March,,
2023-03-18,CUST942,Male,51.0,Clothing,3,500,1500,March,,
2023-10-16,CUST943,Female,57.0,Clothing,4,300,1200,October,,
2023-06-05,CUST944,Male,44.0,Clothing,2,25,50,June,,
2023-02-13,CUST945,Male,30.0,Beauty,1,25,25,February,,
2023-05-08,CUST946,Male,62.0,Electronics,4,500,2000,May,,
2023-03-02,CUST947,Male,50.0,Beauty,1,300,300,March,,
2023-10-13,CUST948,Female,23.0,Electronics,3,25,75,October,,
2023-08-02,CUST949,Female,41.0,Electronics,2,25,50,August,,
2023-11-07,CUST950,Male,36.0,Clothing,3,300,900,November,,
2023-11-02,CUST951,Male,33.0,Beauty,2,50,100,November,,
2023-11-13,CUST952,Female,57.0,Clothing,1,25,25,November,,
2023-04-26,CUST953,Male,45.0,Beauty,3,30,90,April,,
2023-09-25,CUST954,Female,50.0,Electronics,3,300,900,September,,
2023-07-14,CUST955,Male,58.0,Clothing,1,25,25,July,,
2023-08-19,CUST956,Male,30.0,Clothing,3,500,1500,August,,
2023-08-15,CUST957,Female,60.0,Electronics,4,30,120,August,,
2023-06-02,CUST958,Male,62.0,Electronics,2,25,50,June,,
2023-10-29,CUST959,Female,42.0,Electronics,2,30,60,October,,
2023-08-08,CUST960,Male,59.0,Clothing,2,30,60,August,,
2023-06-06,CUST961,Male,53.0,Beauty,4,50,200,June,,
2023-10-19,CUST962,Male,44.0,Clothing,2,30,60,October,,
2023-11-14,CUST963,Female,55.0,Beauty,1,50,50,November,,
2023-01-31,CUST964,Male,24.0,Clothing,3,300,900,January,,
2023-11-09,CUST965,Male,22.0,Clothing,4,50,200,November,,
2023-02-20,CUST966,Male,60.0,Electronics,2,500,1000,February,,
2023-04-17,CUST967,Male,62.0,Beauty,1,25,25,April,,
2023-11-17,CUST968,Female,48.0,Clothing,3,300,900,November,,
2023-04-19,CUST969,Female,40.0,Clothing,3,300,900,April,,
2023-05-16,CUST970,Male,59.0,Electronics,4,500,2000,May,,
2023-12-05,CUST971,Female,27.0,Electronics,4,50,200,December,,
2023-02-11,CUST972,Male,49.0,Beauty,4,25,100,February,,
2023-03-22,CUST973,Male,60.0,Clothing,1,50,50,March,,
2023-05-03,CUST974,Male,47.0,Beauty,1,30,30,May,,
2023-03-30,CUST975,Female,56.0,Clothing,4,50,200,March,,
2023-10-10,CUST976,Female,48.0,Beauty,2,300,600,October,,
2023-02-08,CUST977,Female,35.0,Electronics,3,25,75,February,,
2023-03-22,CUST978,Female,53.0,Clothing,3,50,150,March,,
2023-01-02,CUST979,Female,19.0,Beauty,1,25,25,January,,
2023-07-29,CUST980,Female,31.0,Electronics,3,25,75,July,,
2023-08-19,CUST981,Female,30.0,Electronics,2,30,60,August,,
2023-12-19,CUST982,Female,46.0,Beauty,3,30,90,December,,
2023-11-01,CUST983,Female,29.0,Clothing,1,300,300,November,,
2023-08-29,CUST984,Male,56.0,Clothing,1,500,500,August,,
2023-05-30,CUST985,Female,19.0,Electronics,2,25,50,May,,
2023-01-17,CUST986,Female,49.0,Clothing,2,500,1000,January,,
2023-04-29,CUST987,Female,30.0,Clothing,3,300,900,April,,
2023-05-28,CUST988,Female,63.0,Clothing,3,25,75,May,,
2023-12-28,CUST989,Female,44.0,Electronics,1,25,25,December,,
2023-05-25,CUST990,Female,58.0,Beauty,2,500,1000,May,,
2023-12-26,CUST991,Female,34.0,Clothing,2,50,100,December,,
2023-08-21,CUST992,Female,57.0,Electronics,2,30,60,August,,
2023-02-06,CUST993,Female,48.0,Electronics,3,50,150,February,,
2023-12-18,CUST994,Female,51.0,Beauty,2,500,1000,December,,
2023-04-30,CUST995,Female,41.0,Clothing,1,30,30,April,,
2023-05-16,CUST996,Male,62.0,Clothing,1,50,50,May,,
2023-11-17,CUST997,Male,52.0,Beauty,3,30,90,November,,
2023-10-29,CUST998,Female,23.0,Beauty,4,25,100,October,,
2023-12-05,CUST999,Female,36.0,Electronics,3,50,150,December,,
2023-04-12,CUST1000,Male,47.0,Electronics,4,30,120,April,,
2025-03-14,ORD0001,,,Footwear,3,60,180,March,New York,Debit Card
2025-03-20,ORD0002,,,Electronics,4,100,400,March,San Francisco,Debit Card
2025-02-15,ORD0003,,,Footwear,2,60,120,February,Denver,Amazon Pay
2025-02-19,ORD0004,,,Footwear,3,60,180,February,Dallas,Credit Card
2025-03-10,ORD0005,,,Electronics,3,150,450,March,New York,Debit Card
2025-03-14,ORD0006,,,Clothing,1,20,20,March,Dallas,Credit Card
2025-03-18,ORD0007,,,Electronics,4,150,600,March,Houston,PayPal
2025-03-02,ORD0008,,,Electronics,1,500,500,March,Miami,PayPal
2025-03-08,ORD0009,,,Clothing,3,20,60,March,Boston,PayPal
2025-03-12,ORD0010,,,Electronics,1,500,500,March,San Francisco,Credit Card
2025-02-17,ORD0011,,,Books,2,15,30,February,Boston,Amazon Pay
2025-03-13,ORD0012,,,Clothing,4,40,160,March,Dallas,Credit Card
2025-03-01,ORD0013,,,Electronics,2,800,1600,March,San Francisco,Gift Card
2025-03-04,ORD0014,,,Home Appliances,3,600,1800,March,Miami,Credit Card
2025-02-20,ORD0015,,,Electronics,4,150,600,February,Seattle,Credit Card
2025-02-26,ORD0016,,,Home Appliances,1,1200,1200,February,Boston,Credit Card
2025-04-01,ORD0017,,,Clothing,1,20,20,April,New York,Amazon Pay
2025-02-10,ORD0018,,,Electronics,2,500,1000,February,Los Angeles,Amazon Pay
2025-03-22,ORD0019,,,Footwear,3,60,180,March,Houston,Credit Card
2025-03-07,ORD0020,,,Electronics,4,100,400,March,Seattle,Debit Card
2025-02-05,ORD0021,,,Electronics,3,100,300,February,Miami,Debit Card
2025-03-07,ORD0022,,,Home Appliances,4,1200,4800,March,Houston,Credit Card
2025-02-23,ORD0023,,,Books,1,15,15,February,Houston,Credit Card
2025-03-24,ORD0024,,,Home Appliances,3,1200,3600,March,Dallas,Credit Card
2025-03-02,ORD0025,,,Books,5,15,75,March,Seattle,Amazon Pay
2025-02-14,ORD0026,,,Home Appliances,1,600,600,February,Boston,Debit Card
2025-02-07,ORD0027,,,Clothing,1,20,20,February,New York,Amazon Pay
2025-02-03,ORD0028,,,Electronics,1,100,100,February,Chicago,Amazon Pay
2025-02-12,ORD0029,,,Electronics,1,500,500,February,Denver,Credit Card
2025-02-10,ORD0030,,,Home Appliances,3,600,1800,February,Dallas,Gift Card
2025-03-24,ORD0031,,,Electronics,1,500,500,March,Houston,Gift Card
2025-03-10,ORD0032,,,Electronics,4,500,2000,March,Seattle,PayPal
2025-02-04,ORD0033,,,Books,1,15,15,February,New York,Debit Card
2025-04-02,ORD0034,,,Clothing,5,20,100,April,New York,Credit Card
2025-04-02,ORD0035,,,Electronics,3,800,2400,April,Denver,Amazon Pay
2025-02-09,ORD0036,,,Home Appliances,2,1200,2400,February,Boston,PayPal
2025-02-16,ORD0037,,,Electronics,3,100,300,February,New York,Debit Card
2025-03-26,ORD0038,,,Electronics,3,800,2400,March,Chicago,Amazon Pay
2025-03-02,ORD0039,,,Electronics,2,800,1600,March,San Francisco,PayPal
2025-03-26,ORD0040,,,Electronics,1,150,150,March,Seattle,Gift Card
2025-02-20,ORD0041,,,Books,1,15,15,February,Miami,Credit Card
2025-03-17,ORD0042,,,Electronics,3,100,300,March,Chicago,Amazon Pay
2025-02-08,ORD0043,,,Clothing,4,20,80,February,Denver,Credit Card
2025-03-24,ORD0044,,,Electronics,1,150,150,March,Houston,Debit Card
2025-03-15,ORD0045,,,Home Appliances,3,1200,3600,March,New York,Credit Card
2025-03-06,ORD0046,,,Footwear,2,60,120,March,Houston,Debit Card
2025-03-26,ORD0047,,,Clothing,2,20,40,March,Miami,Gift Card
2025-02-11,ORD0048,,,Clothing,5,20,100,February,Denver,Amazon Pay
2025-02-18,ORD0049,,,Electronics,4,500,2000,February,Chicago,Debit Card
2025-03-14,ORD0050,,,Clothing,3,40,120,March,Boston,Gift Card
2025-02-19,ORD0051,,,Books,1,15,15,February,Houston,Gift Card
2025-02-24,ORD0052,,,Electronics,3,800,2400,February,San Francisco,Credit Card
2025-03-24,ORD0053,,,Footwear,4,60,240,March,Los Angeles,PayPal
2025-03-15,ORD0054,,,Electronics,3,150,450,March,Boston,Gift Card
2025-03-15,ORD0055,,,Clothing,2,40,80,March,Dallas,PayPal
2025-03-19,ORD0056,,,Electronics,2,150,300,March,Dallas,Credit Card
2025-03-15,ORD0057,,,Electronics,1,500,500,March,Los Angeles,Debit Card
2025-03-13,ORD0058,,,Electronics,1,500,500,March,Chicago,PayPal
2025-04-01,ORD0059,,,Electronics,2,150,300,April,Dallas,Credit Card
2025-03-12,ORD0060,,,Books,5,15,75,March,Dallas,Credit Card
2025-03-11,ORD0061,,,Home Appliances,1,1200,1200,March,New York,PayPal
2025-02-10,ORD0062,,,Electronics,5,800,4000,February,San Francisco,PayPal
2025-03-30,ORD0063,,,Electronics,5,500,2500,March,Miami,Gift Card
2025-02-13,ORD0064,,,Home Appliances,4,1200,4800,February,Denver,PayPal
2025-03-16,ORD0065,,,Books,3,15,45,March,San Francisco,Amazon Pay
2025-03-14,ORD0066,,,Electronics,2,150,300,March,Denver,PayPal
2025-03-31,ORD0067,,,Electronics,3,100,300,March,New York,Debit Card
2025-02-23,ORD0068,,,Electronics,1,100,100,February,Houston,Debit Card
2025-02-25,ORD0069,,,Home Appliances,4,1200,4800,February,Boston,Gift Card
2025-03-10,ORD0070,,,Books,1,15,15,March,Boston,Credit Card
2025-03-16,ORD0071,,,Electronics,5,150,750,March,Denver,Credit Card
2025-03-07,ORD0072,,,Electronics,3,800,2400,March,Houston,Credit Card
2025-02-20,ORD0073,,,Electronics,5,500,2500,February,Miami,Credit Card
2025-03-25,ORD0074,,,Home Appliances,4,1200,4800,March,Dallas,Gift Card
2025-02-26,ORD0075,,,Electronics,2,100,200,February,Boston,PayPal
2025-02-24,ORD0076,,,Home Appliances,1,600,600,February,Dallas,Amazon Pay
2025-03-20,ORD0077,,,Electronics,2,100,200,March,Houston,Credit Card
2025-03-18,ORD0078,,,Electronics,2,150,300,March,Los Angeles,Gift Card
2025-03-09,ORD0079,,,Footwear,2,60,120,March,Denver,Gift Card
2025-02-23,ORD0080,,,Footwear,4,60,240,February,San Francisco,Debit Card
2025-02-26,ORD0081,,,Electronics,3,100,300,February,Chicago,PayPal
2025-02-24,ORD0082,,,Electronics,3,500,1500,February,Seattle,Debit Card
2025-02-28,ORD0083,,,Home Appliances,4,600,2400,February,Houston,Gift Card
2025-02-14,ORD0084,,,Clothing,5,20,100,February,Boston,PayPal
2025-02-06,ORD0085,,,Electronics,5,500,2500,February,Houston,PayPal
2025-02-25,ORD0086,,,Electronics,5,150,750,February,Dallas,PayPal
2025-03-13,ORD0087,,,Footwear,5,60,300,March,Miami,Debit Card
2025-02-06,ORD0088,,,Home Appliances,2,1200,2400,February,Seattle,Debit Card
2025-03-26,ORD0089,,,Footwear,5,60,300,March,Los Angeles,Credit Card
2025-03-24,ORD0090,,,Electronics,5,150,750,March,Houston,Amazon Pay
2025-02-03,ORD0091,,,Electronics,4,800,3200,February,Houston,Gift Card
2025-03-15,ORD0092,,,Electronics,2,500,1000,March,Boston,PayPal
2025-03-06,ORD0093,,,Home Appliances,5,1200,6000,March,Denver,PayPal
2025-03-25,ORD0094,,,Clothing,5,40,200,March,Seattle,Credit Card
2025-02-17,ORD0095,,,Electronics,4,150,600,February,New York,Debit Card
2025-03-30,ORD0096,,,Electronics,3,150,450,March,New York,Amazon Pay
2025-03-25,ORD0097,,,Books,5,15,75,March,Chicago,Amazon Pay
2025-02-14,ORD0098,,,Electronics,2,150,300,February,Miami,PayPal
2025-02-18,ORD0099,,,Home Appliances,5,600,3000,February,Seattle,Debit Card
2025-02-13,ORD0100,,,Footwear,1,60,60,February,Houston,Gift Card
2025-02-20,ORD0101,,,Books,5,15,75,February,Denver,PayPal
2025-02-28,ORD0102,,,Electronics,2,500,1000,February,Boston,PayPal
2025-03-14,ORD0103,,,Clothing,2,20,40,March,Chicago,PayPal
2025-02-22,ORD0104,,,Clothing,5,40,200,February,Dallas,Debit Card
2025-03-16,ORD0105,,,Clothing,1,40,40,March,Boston,Debit Card
2025-03-15,ORD0106,,,Clothing,3,20,60,March,Chicago,PayPal
2025-03-19,ORD0107,,,Clothing,3,40,120,March,Dallas,Credit Card
2025-03-16,ORD0108,,,Electronics,2,100,200,March,Miami,PayPal
2025-03-17,ORD0109,,,Clothing,5,40,200,March,New York,PayPal
2025-02-18,ORD0110,,,Electronics,5,500,2500,February,Dallas,Amazon Pay
2025-03-31,ORD0111,,,Electronics,4,800,3200,March,Los Angeles,Credit Card
2025-03-06,ORD0112,,,Home Appliances,2,600,1200,March,Dallas,Gift Card
2025-03-19,ORD0113,,,Books,5,15,75,March,San Francisco,Debit Card
2025-02-23,ORD0114,,,Footwear,1,60,60,February,Houston,Credit Card
2025-03-21,ORD0115,,,Footwear,3,60,180,March,Miami,Amazon Pay
2025-03-19,ORD0116,,,Electronics,4,800,3200,March,Los Angeles,Amazon Pay
2025-02-27,ORD0117,,,Clothing,1,20,20,February,New York,Credit Card
2025-02-10,ORD0118,,,Electronics,5,100,500,February,Houston,Amazon Pay
2025-03-16,ORD0119,,,Electronics,2,500,1000,March,Chicago,PayPal
2025-02-16,ORD0120,,,Electronics,5,800,4000,February,Denver,PayPal
2025-02-18,ORD0121,,,Electronics,1,500,500,February,Dallas,Gift Card
2025-03-28,ORD0122,,,Electronics,3,800,2400,March,Miami,Credit Card
2025-02-23,ORD0123,,,Books,3,15,45,February,Boston,Gift Card
2025-02-10,ORD0124,,,Books,1,15,15,February,Seattle,Gift Card
2025-02-23,ORD0125,,,Electronics,1,500,500,February,Denver,Amazon Pay
2025-02-04,ORD0126,,,Home Appliances,5,1200,6000,February,Chicago,Gift Card
2025-02-18,ORD0127,,,Clothing,3,20,60,February,Dallas,Debit Card
2025-03-23,ORD0128,,,Electronics,2,150,300,March,Dallas,PayPal
2025-02-26,ORD0129,,,Clothing,5,40,200,February,New York,Debit Card
2025-02-10,ORD0130,,,Electronics,5,150,750,February,Boston,PayPal
2025-02-26,ORD0131,,,Clothing,2,40,80,February,Chicago,Credit Card
2025-03-07,ORD0132,,,Electronics,2,500,1000,March,Chicago,Debit Card
2025-02-23,ORD0133,,,Electronics,1,800,800,February,New York,Amazon Pay
2025-02-07,ORD0134,,,Electronics,5,500,2500,February,Chicago,Gift Card
2025-02-10,ORD0135,,,Clothing,1,20,20,February,Miami,Credit Card
2025-02-11,ORD0136,,,Home Appliances,2,1200,2400,February,San Francisco,PayPal
2025-03-20,ORD0137,,,Electronics,3,150,450,March,San Francisco,Debit Card
2025-02-11,ORD0138,,,Electronics,5,150,750,February,Los Angeles,Credit Card
2025-03-18,ORD0139,,,Electronics,2,800,1600,March,Denver,PayPal
2025-03-19,ORD0140,,,Electronics,2,150,300,March,Miami,Debit Card
2025-03-21,ORD0141,,,Electronics,2,500,1000,March,Miami,PayPal
2025-03-15,ORD0142,,,Electronics,3,500,1500,March,Miami,Gift Card
2025-03-31,ORD0143,,,Home Appliances,2,1200,2400,March,Dallas,PayPal
2025-02-27,ORD0144,,,Clothing,2,40,80,February,Los Angeles,Gift Card
2025-03-08,ORD0145,,,Electronics,2,150,300,March,Seattle,Debit Card
2025-03-25,ORD0146,,,Electronics,2,150,300,March,Boston,Debit Card
2025-02-05,ORD0147,,,Footwear,5,60,300,February,Dallas,PayPal
2025-02-06,ORD0148,,,Electronics,4,100,400,February,Los Angeles,Amazon Pay
2025-03-20,ORD0149,,,Footwear,3,60,180,March,New York,Gift Card
2025-02-08,ORD0150,,,Books,4,15,60,February,Chicago,Gift Card
2025-03-29,ORD0151,,,Home Appliances,4,600,2400,March,Los Angeles,Amazon Pay
2025-02-28,ORD0152,,,Electronics,1,150,150,February,Seattle,Gift Card
2025-02-23,ORD0153,,,Electronics,5,150,750,February,San Francisco,PayPal
2025-03-01,ORD0154,,,Electronics,2,100,200,March,Denver,Debit Card
2025-02-05,ORD0155,,,Home Appliances,4,1200,4800,February,Seattle,Credit Card
2025-03-16,ORD0156,,,Electronics,4,150,600,March,Miami,PayPal
2025-02-08,ORD0157,,,Electronics,3,500,1500,February,Denver,Credit Card
2025-02-24,ORD0158,,,Electronics,3,800,2400,February,Miami,Debit Card
2025-02-16,ORD0159,,,Clothing,2,20,40,February,Dallas,Gift Card
2025-02-06,ORD0160,,,Home Appliances,3,600,1800,February,Denver,Gift Card
2025-02-22,ORD0161,,,Electronics,1,100,100,February,Los Angeles,Credit Card
2025-02-09,ORD0162,,,Electronics,2,500,1000,February,Chicago,Credit Card
2025-02-20,ORD0163,,,Footwear,2,60,120,February,Houston,PayPal
2025-02-25,ORD0164,,,Electronics,5,150,750,February,Boston,Debit Card
2025-03-14,ORD0165,,,Books,1,15,15,March,New York,Amazon Pay
2025-03-30,ORD0166,,,Home Appliances,4,600,2400,March,Houston,Credit Card
2025-03-20,ORD0167,,,Home Appliances,2,1200,2400,March,Seattle,Credit Card
2025-03-24,ORD0168,,,Electronics,5,800,4000,March,Miami,Debit Card
2025-03-06,ORD0169,,,Home Appliances,2,1200,2400,March,Denver,PayPal
2025-02-28,ORD0170,,,Electronics,1,800,800,February,San Francisco,Gift Card
2025-02-28,ORD0171,,,Electronics,2,150,300,February,Houston,PayPal
2025-03-12,ORD0172,,,Books,1,15,15,March,Miami,Debit Card
2025-02-28,ORD0173,,,Home Appliances,1,1200,1200,February,Seattle,PayPal
2025-03-13,ORD0174,,,Electronics,2,150,300,March,Chicago,Debit Card
2025-03-24,ORD0175,,,Clothing,5,40,200,March,New York,Debit Card
2025-03-27,ORD0176,,,Books,1,15,15,March,Boston,Amazon Pay
2025-03-14,ORD0177,,,Books,5,15,75,March,San Francisco,Credit Card
2025-02-06,ORD0178,,,Electronics,3,500,1500,February,Chicago,PayPal
2025-03-25,ORD0179,,,Clothing,1,40,40,March,Seattle,PayPal
2025-03-04,ORD0180,,,Home Appliances,3,1200,3600,March,Boston,Gift Card
2025-03-03,ORD0181,,,Footwear,2,60,120,March,Los Angeles,Debit Card
2025-04-02,ORD0182,,,Clothing,5,20,100,April,Denver,PayPal
2025-03-25,ORD0183,,,Home Appliances,1,600,600,March,Seattle,Debit Card
2025-02-17,ORD0184,,,Books,5,15,75,February,Miami,Debit Card
2025-03-22,ORD0185,,,Clothing,1,20,20,March,Dallas,Debit Card
2025-03-02,ORD0186,,,Home Appliances,4,600,2400,March,New York,PayPal
2025-03-13,ORD0187,,,Electronics,3,800,2400,March,New York,PayPal
2025-02-14,ORD0188,,,Books,1,15,15,February,Boston,Amazon Pay
2025-02-10,ORD0189,,,Electronics,3,800,2400,February,Houston,Amazon Pay
2025-02-23,ORD0190,,,Footwear,1,60,60,February,Houston,PayPal
2025-02-28,ORD0191,,,Clothing,4,40,160,February,Seattle,Amazon Pay
2025-03-31,ORD0192,,,Electronics,3,100,300,March,Dallas,Gift Card
2025-03-30,ORD0193,,,Books,5,15,75,March,Chicago,Amazon Pay
2025-02-20,ORD0194,,,Clothing,4,40,160,February,San Francisco,Debit Card
2025-03-10,ORD0195,,,Electronics,3,500,1500,March,Denver,Gift Card
2025-03-04,ORD0196,,,Electronics,5,100,500,March,Seattle,Debit Card
2025-03-12,ORD0197,,,Footwear,2,60,120,March,Denver,Gift Card
2025-02-20,ORD0198,,,Electronics,4,800,3200,February,Seattle,Amazon Pay
2025-02-22,ORD0199,,,Electronics,3,500,1500,February,Dallas,Credit Card
2025-02-10,ORD0200,,,Books,2,15,30,February,Los Angeles,Debit Card
2025-02-03,ORD0201,,,Books,4,15,60,February,San Francisco,Credit Card
2025-02-21,ORD0202,,,Electronics,2,500,1000,February,Miami,Credit Card
2025-02-21,ORD0203,,,Home Appliances,3,1200,3600,February,Dallas,Debit Card
2025-03-08,ORD0204,,,Footwear,5,60,300,March,Miami,Gift Card
2025-02-27,ORD0205,,,Electronics,2,100,200,February,Houston,PayPal
2025-02-12,ORD0206,,,Home Appliances,5,600,3000,February,Miami,Amazon Pay
2025-03-21,ORD0207,,,Home Appliances,1,600,600,March,Miami,Credit Card
2025-02-02,ORD0208,,,Home Appliances,3,1200,3600,February,Miami,PayPal
2025-03-29,ORD0209,,,Clothing,5,40,200,March,Dallas,PayPal
2025-03-23,ORD0210,,,Electronics,3,800,2400,March,New York,PayPal
2025-03-13,ORD0211,,,Electronics,1,500,500,March,Miami,Gift Card
2025-03-09,ORD0212,,,Clothing,4,20,80,March,Houston,Debit Card
2025-02-06,ORD0213,,,Electronics,1,800,800,February,Los Angeles,Amazon Pay
2025-02-18,ORD0214,,,Electronics,5,150,750,February,Houston,Debit Card
2025-03-07,ORD0215,,,Footwear,1,60,60,March,Houston,PayPal
2025-03-26,ORD0216,,,Clothing,2,40,80,March,Chicago,Credit Card
2025-03-19,ORD0217,,,Footwear,2,60,120,March,Boston,Gift Card
2025-02-15,ORD0218,,,Electronics,4,100,400,February,New York,Gift Card
2025-02-17,ORD0219,,,Electronics,3,100,300,February,Houston,PayPal
2025-02-10,ORD0220,,,Electronics,3,150,450,February,Denver,Debit Card
2025-02-28,ORD0221,,,Home Appliances,2,600,1200,February,Chicago,Gift Card
2025-02-16,ORD0222,,,Home Appliances,2,600,1200,February,Seattle,PayPal
2025-03-24,ORD0223,,,Clothing,2,40,80,March,Denver,Amazon Pay
2025-03-18,ORD0224,,,Home Appliances,1,1200,1200,March,Miami,PayPal
2025-03-11,ORD0225,,,Clothing,1,40,40,March,New York,Gift Card
2025-03-05,ORD0226,,,Footwear,4,60,240,March,Chicago,Amazon Pay
2025-04-02,ORD0227,,,Electronics,5,100,500,April,Miami,Amazon Pay
2025-02-12,ORD0228,,,Footwear,1,60,60,February,San Francisco,Credit Card
2025-03-21,ORD0229,,,Footwear,3,60,180,March,San Francisco,Credit Card
2025-03-31,ORD0230,,,Electronics,4,100,400,March,San Francisco,Amazon Pay
2025-02-16,ORD0231,,,Electronics,5,800,4000,February,Boston,Credit Card
2025-03-14,ORD0232,,,Home Appliances,3,1200,3600,March,Los Angeles,Credit Card
2025-02-20,ORD0233,,,Footwear,1,60,60,February,Boston,PayPal
2025-03-08,ORD0234,,,Books,1,15,15,March,Miami,Amazon Pay
2025-03-23,ORD0235,,,Home Appliances,1,1200,1200,March,Dallas,PayPal
2025-03-05,ORD0236,,,Electronics,5,500,2500,March,Boston,PayPal
2025-02-11,ORD0237,,,Electronics,3,100,300,February,Houston,Debit Card
2025-03-16,ORD0238,,,Electronics,1,100,100,March,Denver,PayPal
2025-03-22,ORD0239,,,Electronics,5,150,750,March,Houston,Amazon Pay
2025-02-09,ORD0240,,,Electronics,1,150,150,February,Denver,Gift Card
2025-03-30,ORD0241,,,Electronics,4,500,2000,March,New York,Credit Card
2025-03-08,ORD0242,,,Electronics,4,500,2000,March,Boston,Gift Card
2025-03-05,ORD0243,,,Footwear,2,60,120,March,Houston,Amazon Pay
2025-02-06,ORD0244,,,Electronics,4,500,2000,February,Houston,Credit Card
2025-02-04,ORD0245,,,Electronics,1,800,800,February,Los Angeles,Credit Card
2025-03-17,ORD0246,,,Clothing,2,20,40,March,Miami,Debit Card
2025-03-30,ORD0247,,,Clothing,1,40,40,March,Dallas,Debit Card
2025-03-05,ORD0248,,,Clothing,2,20,40,March,Denver,Debit Card
2025-03-08,ORD0249,,,Electronics,3,150,450,March,New York,Debit Card
2025-02-19,ORD0250,,,Electronics,4,500,2000,February,Seattle,Amazon Pay
